url_largest_token,asn_no,country_rank,host_avg_token_len,host_token_count,host_largest_token,malicious,no_of_subdomain,url_avg_token_len,path_avg_token_len,url_len,safebrowsing,url_token_count,host,path_largest_token,path_token_count,path,host_len,url,host_rank,ipaddress_presence,numTld,numPunctuation
21,-100,-100,3,4,3,1,1,6.071428571,7.666666667,100,0,14,208.115.247.198.,21,9,/paypal.com.au.434324.fdsfsd32423423.fadfafas.3423423432fsfdafsdfsd/index1.php,16,http://208.115.247.198/paypal.com.au.434324.fdsfsd32423423.fadfafas.3423423432fsfdafsdfsd/index1.php,-100,1,1,2
6,15169,1,3.333333333,3,6,0,1,3.5,-100,19,0,4,google.co.za,-100,-100,,12,http://google.co.za,148,0,1,2
8,7162,-100,2.75,4,3,1,1,3.666666667,4.5,43,0,9,200.98.128.198.,8,4,/testax14/p/itant.html,15,http://200.98.128.198/testax14/p/itant.html,-100,1,1,2
6,43391,-100,4.5,2,6,1,1,4.333333333,-100,17,0,3,bozkir.com,-100,-100,,10,http://bozkir.com,-100,0,1,2
17,-100,-100,9.5,2,17,1,1,7.666666667,-100,27,0,3,newyorkrealestate.eu,-100,-100,,20,http://newyorkrealestate.eu,-100,0,1,2
4,38244,8,3,2,4,0,1,3.333333333,-100,14,0,3,zing.vn,-100,-100,,7,http://zing.vn,1073,0,1,2
6,47583,-100,4.5,2,6,1,1,4.333333333,-100,17,0,3,axebet.com,-100,-100,,10,http://axebet.com,11281792,0,1,2
5,-100,-100,3.5,2,5,1,1,3.666666667,-100,15,0,3,emcef.eu,-100,-100,,8,http://emcef.eu,-100,0,1,3
6,14782,244,4.333333333,3,6,0,1,4.25,-100,22,0,4,list-manage.com,-100,-100,,15,http://list-manage.com,463,0,1,2
6,9370,-100,4.5,2,6,1,1,4.333333333,-100,17,0,3,cwill1.com,-100,-100,,10,http://cwill1.com,-100,0,1,2
12,14627,-100,6,2,9,1,1,6.625,6.25,62,0,8,servehttp.com,8,4,/blindado/processo-adesao.php,13,http://itauguardiao.servehttp.com/blindado/processo-adesao.php,-100,0,1,2
11,54113,109,7,2,11,0,1,6,-100,22,0,3,theguardian.com,-100,-100,,15,http://theguardian.com,115,0,1,2
7,13335,-100,4.5,2,7,1,1,4.333333333,-100,17,0,3,shorten.me,-100,-100,,10,http://shorten.me,-100,0,1,2
4,11643,18,3,2,4,0,1,3.333333333,-100,14,0,3,ebay.fr,-100,-100,,7,http://ebay.fr,1044,0,1,2
4,37963,68,3.5,2,4,0,1,3.666666667,-100,15,0,3,cnzz.com,-100,-100,,8,http://cnzz.com,560,0,1,3
7,9308,46,5,2,7,0,1,4.666666667,-100,18,0,3,bitauto.com,-100,-100,,11,http://bitauto.com,289,0,1,2
7,-100,-100,5,2,7,1,1,4.666666667,-100,18,0,3,instore.net,-100,-100,,11,http://instore.net,-100,0,1,2
18,-100,-100,10.5,2,18,1,1,8.333333333,-100,29,0,3,liveresumeexamples.com,-100,-100,,22,http://liveresumeexamples.com,-100,0,1,2
16,-100,-100,9.5,2,16,1,1,7.666666667,-100,27,0,3,101juegosdeautos.com,-100,-100,,20,http://101juegosdeautos.com,-100,0,1,2
23,-100,-100,13,2,23,1,1,10,-100,34,0,3,nataliebassingthwaighte.net,-100,-100,,27,http://nataliebassingthwaighte.net,-100,0,2,3
4,47541,1,2.5,2,3,0,1,3,-100,13,0,3,vk.com,-100,-100,,6,http://vk.com,17,0,1,2
10,14340,41,6.5,2,10,0,1,5.666666667,-100,21,0,3,salesforce.com,-100,-100,,14,http://salesforce.com,178,0,1,2
10,-100,-100,6.5,2,10,1,1,5.666666667,-100,21,0,3,manavgatim.net,-100,-100,,14,http://manavgatim.net,-100,0,1,2
4,50343,62,3.5,2,4,0,1,3.666666667,-100,15,0,3,xing.com,-100,-100,,8,http://xing.com,1488,0,0,2
13,-100,-100,8,2,13,1,3,6.4,6,75,0,10,iphoneturkish.com,10,4,/new/Googledocs%20Secure.htm,17,http://secure.googledrive.com.iphoneturkish.com/new/Googledocs%20Secure.htm,-100,0,1,3
6,17813,12,4.5,2,6,0,1,4.333333333,-100,17,0,3,elpais.com,-100,-100,,10,http://elpais.com,347,0,1,2
8,-100,1729,5.5,2,8,0,1,5,-100,19,0,3,akamaihd.net,-100,-100,,12,http://akamaihd.net,1165,0,1,3
8,15169,46,5.5,2,8,0,1,4.25,-100,22,0,4,blogspot.com,-100,-100,,12,http://bp.blogspot.com,51,0,1,3
4,6623,86,3.5,2,4,0,1,3.666666667,-100,15,0,3,cnet.com,-100,-100,,8,http://cnet.com,134,0,0,2
6,61157,14,3,3,6,0,1,3.25,-100,18,0,4,t-online.de,-100,-100,,11,http://t-online.de,482,0,0,2
4,17816,805,2.5,2,3,0,1,3,-100,13,0,3,56.com,-100,-100,,6,http://56.com,7042,0,0,2
15,47583,10903,9,2,15,0,1,7.333333333,-100,26,0,3,bannersdontwork.com,-100,-100,,19,http://bannersdontwork.com,41068,0,1,2
9,-100,-100,4.666666667,3,9,1,1,4.5,-100,23,0,4,gamewatch.com.es,-100,-100,,16,http://gamewatch.com.es,-100,0,1,3
6,-100,-100,4,2,6,1,1,4,-100,16,0,3,thinks.tv,-100,-100,,9,http://thinks.tv,-100,0,1,3
6,16509,5,4,2,6,0,1,4,-100,16,0,3,amazon.fr,-100,-100,,9,http://amazon.fr,238,0,0,2
8,20940,369,5.5,2,8,0,1,5,-100,19,0,3,mashable.com,-100,-100,,12,http://mashable.com,750,0,1,2
12,13335,38891,7.5,2,12,0,1,6.333333333,-100,23,0,3,extratorrent.com,-100,-100,,16,http://extratorrent.com,354785,0,1,2
9,20940,910,6,2,9,0,1,5.333333333,-100,20,0,3,foxsports.com,-100,-100,,13,http://foxsports.com,2693,0,0,2
19,-100,-100,11,2,19,1,1,8.666666667,-100,30,0,3,buycheappillsonline.com,-100,-100,,23,http://buycheappillsonline.com,-100,0,1,2
6,12824,-100,2.5,2,3,1,1,3.75,-100,20,0,4,wot.pl,-100,-100,,6,http://ingrid.wot.pl,-100,0,1,2
6,15169,1,4,2,6,0,1,4,-100,16,0,3,google.pt,-100,-100,,9,http://google.pt,268,0,1,2
9,32613,625458,3.5,2,4,1,1,5,-100,25,0,4,asia.com,-100,-100,,8,http://moonlight.asia.com,613217,0,1,2
7,16625,265,5,2,7,0,1,4.666666667,-100,18,0,3,hubspot.com,-100,-100,,11,http://hubspot.com,693,0,1,2
4,20940,14,3,3,4,0,1,3.25,-100,18,0,4,news.com.au,-100,-100,,11,http://news.com.au,1006,0,0,2
9,17813,107,4.333333333,3,9,0,1,4.25,-100,22,0,4,dailymail.co.uk,-100,-100,,15,http://dailymail.co.uk,149,0,1,3
14,7784,171289,6,2,9,1,3,6.363636364,8,82,0,11,atlantech.net,14,5,/modules/9065527929/24185239539553/index2.php,13,http://ba.dabed1.client.atlantech.net/modules/9065527929/24185239539553/index2.php,494907,0,0,2
62,14618,-100,6,2,9,1,8,9.75,2,131,0,12,222studio.com,2,1,/UK/,13,http://paypal.com.webscr.cmd.login.submit.dispatch.5885d80a13c0db1f8e263663d3faee8db2b24f7b84f1819343fd6c338b1d9d.222studio.com/UK/,-100,0,1,2
12,26496,-100,7.5,2,12,1,1,6.333333333,-100,23,0,3,premiumflats.com,-100,-100,,16,http://premiumflats.com,17174622,0,1,2
7,40428,95,5,2,7,0,1,4.666666667,-100,18,0,3,pandora.com,-100,-100,,11,http://pandora.com,328,0,1,2
4,20940,51,3.5,2,4,0,1,3.666666667,-100,15,0,3,hulu.com,-100,-100,,8,http://hulu.com,222,0,1,2
4,8068,24,3.5,2,4,0,1,3.666666667,-100,15,0,3,bing.com,-100,-100,,8,http://bing.com,33,0,1,2
8,17707,16,5.5,2,8,0,1,5,-100,19,0,3,livedoor.com,-100,-100,,12,http://livedoor.com,388,0,0,2
12,-100,-100,7,2,12,1,1,6,-100,22,0,3,ladamejeanne.fr,-100,-100,,15,http://ladamejeanne.fr,-100,0,1,2
15,-100,-100,7,2,11,1,1,7.375,8.2,68,0,8,bolanfamily.com,15,5,/modules/5202682656/105328892193242/index2.php,15,http://bolanfamily.com/modules/5202682656/105328892193242/index2.php,-100,0,0,2
9,-100,-100,4.666666667,3,9,1,1,4.5,-100,23,0,4,avsaadasi.gen.tr,-100,-100,,16,http://avsaadasi.gen.tr,-100,0,1,2
4,17813,24,3,2,4,0,1,3.333333333,-100,14,0,3,chip.de,-100,-100,,7,http://chip.de,540,0,1,2
6,54113,49,4.5,2,6,0,1,4.333333333,-100,17,0,3,scribd.com,-100,-100,,10,http://scribd.com,166,0,1,2
13,-100,-100,7.5,2,13,1,1,6.333333333,-100,23,0,3,wissensbilanz.ch,-100,-100,,16,http://wissensbilanz.ch,-100,0,1,2
10,-100,-100,6,2,10,1,1,5.333333333,-100,20,0,3,politician.to,-100,-100,,13,http://politician.to,-100,0,1,2
8,9121,15,4.333333333,3,8,0,1,4.25,-100,22,0,4,milliyet.com.tr,-100,-100,,15,http://milliyet.com.tr,1013,0,1,2
11,12240,260,7,2,11,0,1,6,-100,22,0,3,accuweather.com,-100,-100,,15,http://accuweather.com,419,0,1,3
4,-100,-100,3.5,2,4,1,1,3.666666667,-100,15,0,3,guia.com,-100,-100,,8,http://guia.com,3324410,0,1,2
15,54113,100,9,2,15,0,1,7.333333333,-100,26,0,3,businessinsider.com,-100,-100,,19,http://businessinsider.com,227,0,1,2
17,25875,653,10,2,17,0,1,8,-100,28,0,3,adultfriendfinder.com,-100,-100,,21,http://adultfriendfinder.com,2128,0,1,2
8,29873,-100,5,2,8,1,1,4.666666667,-100,18,0,3,zambales.ph,-100,-100,,11,http://zambales.ph,-100,0,1,2
4,4808,6677,3,2,3,0,1,3.333333333,-100,14,0,3,ku6.com,-100,-100,,7,http://ku6.com,30816,0,1,2
5,36473,-100,4.5,2,5,1,1,4.333333333,-100,17,0,3,world.info,-100,-100,,10,http://world.info,10850063,0,1,3
10,40034,-100,6.5,2,10,0,1,5.666666667,-100,21,0,3,hypergames.net,-100,-100,,14,http://hypergames.net,-100,0,1,2
4,133775,108,3,2,3,0,1,3.333333333,-100,14,0,3,jqw.com,-100,-100,,7,http://jqw.com,1498,0,1,2
6,19551,11,4.5,2,6,0,1,4.333333333,-100,17,0,3,kooora.com,-100,-100,,10,http://kooora.com,597,0,1,2
5,8075,35,3.333333333,3,5,0,1,3.5,-100,19,0,4,abril.com.br,-100,-100,,12,http://abril.com.br,1005,0,1,2
4,4808,6,3,3,4,0,1,3.25,-100,18,0,4,sina.com.cn,-100,-100,,11,http://sina.com.cn,18,0,1,2
11,53922,788,7,2,11,0,1,6,-100,22,0,3,stumbleupon.com,-100,-100,,15,http://stumbleupon.com,1731,0,1,2
17,15169,46,5.5,2,8,1,1,8,-100,37,0,4,blogspot.com,-100,-100,,12,http://cpesamplewritings.blogspot.com,51,0,1,3
8,13335,51,5.5,2,8,0,1,5,-100,19,0,3,subscene.com,-100,-100,,12,http://subscene.com,496,0,1,3
5,32613,625458,3.5,2,4,1,1,4,-100,21,0,4,asia.com,-100,-100,,8,http://yalta.asia.com,613217,0,1,2
4,11643,9,2.666666667,3,4,0,1,3,-100,17,0,4,ebay.co.uk,-100,-100,,10,http://ebay.co.uk,180,0,0,2
9,8515,627252,5.5,2,9,1,1,5,-100,19,0,3,orelsetka.ru,-100,-100,,12,http://orelsetka.ru,7662979,0,1,2
4,14618,27,3.5,2,4,0,1,3.666666667,-100,15,0,3,ndtv.com,-100,-100,,8,http://ndtv.com,327,0,1,3
6,36088,272,4.5,2,6,0,1,4.333333333,-100,17,0,3,flickr.com,-100,-100,,10,http://flickr.com,383,0,1,2
4,16509,54,2.5,2,3,0,1,3,-100,13,0,3,olx.in,-100,-100,,6,http://olx.in,1309,0,1,3
8,8839,21,5,2,8,0,1,4.666666667,-100,18,0,3,lefigaro.fr,-100,-100,,11,http://lefigaro.fr,684,0,1,2
6,15169,1,3.666666667,3,6,0,1,3.75,-100,20,0,4,google.com.ph,-100,-100,,13,http://google.com.ph,184,0,1,2
8,62229,23,5.5,2,8,0,1,5,-100,19,0,3,farsnews.com,-100,-100,,12,http://farsnews.com,1417,0,1,2
4,7162,8,2.666666667,3,3,0,1,3,-100,17,0,4,uol.com.br,-100,-100,,10,http://uol.com.br,167,0,0,2
7,14618,288,5,2,7,0,1,4.666666667,-100,18,0,3,reuters.com,-100,-100,,11,http://reuters.com,485,0,1,2
4,42014,72,2.5,2,3,0,1,3,-100,13,0,3,rt.com,-100,-100,,6,http://rt.com,359,0,1,2
7,-100,-100,4.5,2,7,1,1,4.333333333,-100,17,0,3,neither.tv,-100,-100,,10,http://neither.tv,-100,0,0,2
6,16625,779,4.5,2,6,0,1,4.333333333,-100,17,0,3,lenovo.com,-100,-100,,10,http://lenovo.com,768,0,1,3
9,10361,170,6,2,9,0,1,5.333333333,-100,20,0,3,bloomberg.com,-100,-100,,13,http://bloomberg.com,364,0,0,2
5,23724,8,4,2,5,0,1,4,-100,16,0,3,weibo.com,-100,-100,,9,http://weibo.com,22,0,1,2
6,-100,-100,3,4,3,1,1,3.375,3.666666667,36,0,8,208.115.247.197.,6,3,/au/index1.php,16,http://208.115.247.197/au/index1.php,-100,1,1,3
9,-100,-100,5,3,9,1,1,4.75,-100,24,0,4,kaspersky-key.net,-100,-100,,17,http://kaspersky-key.net,-100,0,1,2
4,4808,765,2.666666667,3,3,0,1,3,-100,17,0,4,xgo.com.cn,-100,-100,,10,http://xgo.com.cn,10540,0,1,2
15,32244,-100,9,2,15,1,1,7.333333333,-100,26,0,3,dietplanstolose.com,-100,-100,,19,http://dietplanstolose.com,-100,0,1,3
4,11608,21207,3.5,2,4,0,1,3.666666667,-100,15,0,3,vube.com,-100,-100,,8,http://vube.com,156683,0,1,2
6,58466,335,3.666666667,3,6,0,1,3.75,-100,20,0,4,pcbaby.com.cn,-100,-100,,13,http://pcbaby.com.cn,4180,0,1,2
5,-100,-100,3.333333333,3,5,1,1,3.5,-100,19,0,4,avsam.com.tr,-100,-100,,12,http://avsam.com.tr,-100,0,1,2
7,26496,-100,4.5,2,7,1,1,4.333333333,-100,17,0,3,gateway.us,-100,-100,,10,http://gateway.us,-100,0,1,3
8,-100,45,5,2,8,0,1,4.666666667,-100,18,0,3,doorblog.jp,-100,-100,,11,http://doorblog.jp,845,0,1,2
6,15169,1,3.666666667,3,6,0,1,3.75,-100,20,0,4,google.com.au,-100,-100,,13,http://google.com.au,76,0,1,3
7,15133,20,4.5,2,7,0,1,4.333333333,-100,17,0,3,lemonde.fr,-100,-100,,10,http://lemonde.fr,632,0,1,2
16,11608,17501,9.5,2,16,0,1,7.666666667,-100,27,0,3,thefreecamsecret.com,-100,-100,,20,http://thefreecamsecret.com,134644,0,1,3
4,-100,-100,3,2,4,1,1,3.333333333,-100,14,0,3,hxiv.me,-100,-100,,7,http://hxiv.me,-100,0,1,2
13,47764,20502,7.5,2,13,0,1,6.333333333,-100,23,0,3,odnoklassniki.ru,-100,-100,,16,http://odnoklassniki.ru,107947,0,1,3
8,49941,5249,2,2,2,1,1,4,-100,21,0,4,co.pt,-100,-100,,5,http://casareal.co.pt,339184,0,1,2
10,13335,2748,6.5,2,10,1,1,5.666666667,-100,21,0,3,maxreading.com,-100,-100,,14,http://maxreading.com,298831,0,1,2
6,37963,19474,4.5,2,6,0,1,4.333333333,-100,17,0,3,yxlady.com,-100,-100,,10,http://yxlady.com,87277,0,1,2
17,22612,-100,10,2,17,1,1,8,-100,28,0,3,russiannewzealand.com,-100,-100,,21,http://russiannewzealand.com,11206036,0,1,3
4,26496,-100,3.5,2,4,1,1,3.666666667,-100,15,0,3,invx.com,-100,-100,,8,http://invx.com,-100,0,1,2
6,16509,-100,3.25,4,6,1,1,3.4,-100,23,0,5,secure-x-001.net,-100,-100,,16,http://secure-x-001.net,-100,0,1,2
7,7941,253,5,2,7,0,1,4.666666667,-100,18,0,3,archive.org,-100,-100,,11,http://archive.org,301,0,1,2
12,26941,397,7.5,2,12,0,1,6.333333333,-100,23,0,3,shutterstock.com,-100,-100,,16,http://shutterstock.com,317,0,1,2
7,15169,2,5,2,7,1,1,4.285714286,5,38,0,7,youtube.com,5,1,/watch,11,http://youtube.com/watch?v=oVBOnv-xrEY,1,0,1,3
6,16509,4,4.5,2,6,0,1,4.333333333,-100,17,0,3,amazon.com,-100,-100,,10,http://amazon.com,14,0,1,2
11,13335,1804,7,2,11,0,1,6,-100,22,0,3,statcounter.com,-100,-100,,15,http://statcounter.com,3266,0,1,2
9,22612,1299,6,2,9,0,1,5.333333333,-100,20,0,3,namecheap.com,-100,-100,,13,http://namecheap.com,2289,0,1,2
4,7105,182,3,2,3,0,1,3.333333333,-100,14,0,3,wsj.com,-100,-100,,7,http://wsj.com,486,0,1,2
4,13535,3248,3.5,2,4,0,1,3.666666667,-100,15,0,3,ning.com,-100,-100,,8,http://ning.com,5110,0,1,2
6,15169,28,4,2,6,0,1,4,-100,16,0,3,google.cn,-100,-100,,9,http://google.cn,159,0,0,2
8,8075,1182,5.5,2,8,0,1,5,-100,19,0,3,theblaze.com,-100,-100,,12,http://theblaze.com,4206,0,1,2
5,7726,113,4,2,5,0,1,4,-100,16,0,3,fedex.com,-100,-100,,9,http://fedex.com,411,0,1,2
7,15169,2,5,2,7,0,1,4.666666667,-100,18,0,3,youtube.com,-100,-100,,11,http://youtube.com,1,0,1,2
34,46606,-100,5.5,2,8,1,1,6.476190476,6.722222222,158,0,21,ruthdunn.org,34,18,/paypal.co.uk.c17d1db50d22aa998bed4a8d7855d5fa03/ffd12b054185e4e1b246b1abc08efb1a/cgi-bin/en/account/login/index.php%5B%2A%2Aqmark%2A%2A%5D,12,http://ruthdunn.org/paypal.co.uk.c17d1db50d22aa998bed4a8d7855d5fa03/ffd12b054185e4e1b246b1abc08efb1a/cgi-bin/en/account/login/index.php%5B%2A%2Aqmark%2A%2A%5D,-100,0,0,2
10,133618,-100,5.5,2,8,1,1,5.555555556,6.4,61,0,9,terrario.org,10,5,/libraries/jscrop/javascript/ver_2.25/,12,http://www.terrario.org/libraries/jscrop/javascript/ver_2.25/,-100,0,1,2
20,393398,-100,11.5,2,20,1,1,7.111111111,6.8,74,0,9,docentesentrerrianos.com,14,5,/coldwellbanker.com/googledoc/index.htm,24,http://www.docentesentrerrianos.com/coldwellbanker.com/googledoc/index.htm,-100,0,1,2
8,32934,3,5.5,2,8,0,1,5,-100,19,0,3,facebook.com,-100,-100,,12,http://facebook.com,3,0,1,3
6,15169,1,4,2,6,0,1,4,-100,16,0,3,google.ca,-100,-100,,9,http://google.ca,57,0,1,2
4,200757,26,3,2,4,0,1,3.333333333,-100,14,0,3,bild.de,-100,-100,,7,http://bild.de,663,0,1,3
8,13335,18,5.5,2,8,0,1,5,-100,19,0,3,hdfcbank.com,-100,-100,,12,http://hdfcbank.com,438,0,1,2
8,60781,-100,5.5,2,8,1,1,5,-100,19,0,3,tharmada.net,-100,-100,,12,http://tharmada.net,3077875,0,1,2
8,134452,71,5.5,2,8,0,1,5,-100,19,0,3,snapdeal.com,-100,-100,,12,http://snapdeal.com,1055,0,1,2
4,3614,197,3.5,2,4,0,1,3.666666667,-100,15,0,3,dell.com,-100,-100,,8,http://dell.com,489,0,1,2
8,15169,46,5.5,2,8,1,1,5.5,-100,27,0,4,blogspot.com,-100,-100,,12,http://azpayel.blogspot.com,51,0,1,2
7,21880,177,5,2,7,0,1,4.666666667,-100,18,0,3,zendesk.com,-100,-100,,11,http://zendesk.com,371,0,1,2
11,7754,783,7,2,11,0,1,6,-100,22,0,3,siteadvisor.com,-100,-100,,15,http://siteadvisor.com,399,0,1,3
8,16276,-100,5.5,2,8,1,1,5,-100,19,0,3,neoplano.com,-100,-100,,12,http://neoplano.com,-100,0,0,2
9,24940,209559,5.5,2,9,1,1,5,-100,19,0,3,avantpack.ru,-100,-100,,12,http://avantpack.ru,3501822,0,1,2
9,20940,45,4.333333333,3,9,0,1,4.25,-100,22,0,4,telegraph.co.uk,-100,-100,,15,http://telegraph.co.uk,321,0,1,2
11,13335,603996,7,2,11,1,1,6,-100,22,0,3,nutshellurl.com,-100,-100,,15,http://nutshellurl.com,1020284,0,1,2
6,15169,1,3.666666667,3,6,0,1,3.75,-100,20,0,4,google.com.co,-100,-100,,13,http://google.com.co,207,0,1,2
8,40034,-100,5.5,2,8,1,1,5,-100,19,0,3,homesaid.com,-100,-100,,12,http://homesaid.com,-100,0,1,2
7,13335,1540,5,2,7,0,1,4.666666667,-100,18,0,3,typepad.com,-100,-100,,11,http://typepad.com,2548,0,1,2
9,15169,46,5.5,2,8,1,1,6,-100,29,0,4,blogspot.com,-100,-100,,12,http://mistureca.blogspot.com,51,0,1,2
12,29873,-100,7.5,2,12,1,1,6.333333333,-100,23,0,3,sloganexpert.com,-100,-100,,16,http://sloganexpert.com,-100,0,1,3
13,54113,48,8,2,13,0,1,6.666666667,-100,24,0,3,stackoverflow.com,-100,-100,,17,http://stackoverflow.com,62,0,1,2
6,15169,1,3.333333333,3,6,0,1,3.5,-100,19,0,4,google.co.th,-100,-100,,12,http://google.co.th,120,0,0,2
15,43311,36,9,2,15,0,1,7.333333333,-100,26,0,3,commentcamarche.net,-100,-100,,19,http://commentcamarche.net,752,0,1,3
10,36351,-100,6.5,2,10,1,1,5.666666667,-100,21,0,3,bindiirwin.com,-100,-100,,14,http://bindiirwin.com,-100,0,1,2
13,26496,-100,8,2,13,1,1,6.666666667,-100,24,0,3,guidesaopaulo.com,-100,-100,,17,http://guidesaopaulo.com,-100,0,1,2
6,16509,57,4.5,2,6,0,1,4.333333333,-100,17,0,3,zillow.com,-100,-100,,10,http://zillow.com,307,0,1,3
5,12008,62,4,2,5,0,1,4,-100,16,0,3,force.com,-100,-100,,9,http://force.com,177,0,1,2
10,8426,-100,5,3,10,1,1,4.75,-100,24,0,4,europeopen.org.uk,-100,-100,,17,http://europeopen.org.uk,-100,0,0,2
6,4808,111,4.5,2,6,0,1,4.333333333,-100,17,0,3,douban.com,-100,-100,,10,http://douban.com,1123,0,1,2
4,13335,447,3.5,2,4,0,1,3.666666667,-100,15,0,3,beeg.com,-100,-100,,8,http://beeg.com,368,0,1,3
10,12876,-100,6.5,2,10,1,1,5.666666667,-100,21,0,3,plagecorse.com,-100,-100,,14,http://plagecorse.com,-100,0,1,2
6,54489,-100,4.666666667,3,6,1,1,4.5,-100,23,0,4,moya-shkola.info,-100,-100,,16,http://moya-shkola.info,18054084,0,1,2
5,27257,462640,3.5,2,5,1,1,3.666666667,-100,15,0,3,busty.pl,-100,-100,,8,http://busty.pl,743045,0,1,2
4,29169,-100,2,2,2,1,1,2.666666667,-100,12,0,3,2u.lc,-100,-100,,5,http://2u.lc,8509901,0,1,2
5,23724,1,4,2,5,0,1,4,-100,16,0,3,baidu.com,-100,-100,,9,http://baidu.com,4,0,1,2
6,15169,1,3.666666667,3,6,0,1,3.75,-100,20,0,4,google.com.sg,-100,-100,,13,http://google.com.sg,182,0,1,2
8,15169,46,5.5,2,8,1,1,5.333333333,-100,39,0,6,blogspot.com,-100,-100,,12,http://super-masini-tuning.blogspot.com,51,0,1,3
6,20940,38,4.5,2,6,0,1,4.333333333,-100,17,0,3,target.com,-100,-100,,10,http://target.com,275,0,2,3
6,4694,14,4.5,2,6,0,1,4.333333333,-100,17,0,3,kakaku.com,-100,-100,,10,http://kakaku.com,284,0,1,2
4,28299,46235,2.5,2,3,1,1,3,-100,13,0,3,vai.la,-100,-100,,6,http://vai.la,803227,0,0,2
4,54652,476,3,2,3,0,1,3.333333333,-100,14,0,3,pof.com,-100,-100,,7,http://pof.com,1655,0,0,2
4,1668,81,3,2,3,0,1,3.333333333,-100,14,0,3,aol.com,-100,-100,,7,http://aol.com,269,0,1,2
7,31621,5,4.5,2,7,0,1,4.333333333,-100,17,0,3,allegro.pl,-100,-100,,10,http://allegro.pl,385,0,1,2
5,201012,8,3.5,2,5,0,1,3.666666667,-100,15,0,3,avito.ru,-100,-100,,8,http://avito.ru,208,0,1,2
10,20940,642,6.5,2,10,0,1,5.666666667,-100,21,0,3,codecanyon.net,-100,-100,,14,http://codecanyon.net,1466,0,1,2
15,14618,-100,9,2,15,1,1,7.333333333,-100,26,0,3,printforprofits.com,-100,-100,,19,http://printforprofits.com,-100,0,0,2
6,15169,2,4,2,6,0,1,4,-100,16,0,3,google.dz,-100,-100,,9,http://google.dz,353,0,1,2
4,-100,120747,3,2,3,0,1,3.333333333,-100,14,0,3,dce.edu,-100,-100,,7,http://dce.edu,1254657,0,0,2
6,4134,20,4,2,6,0,1,4,-100,16,0,3,tianya.cn,-100,-100,,9,http://tianya.cn,100,0,1,2
10,9121,8,6.5,2,10,0,1,5.666666667,-100,21,0,3,sahibinden.com,-100,-100,,14,http://sahibinden.com,836,0,1,3
6,55825,12,4.5,2,6,0,1,4.333333333,-100,17,0,3,kompas.com,-100,-100,,10,http://kompas.com,270,0,1,2
13,54113,48,8,2,13,0,1,4.733333333,4.25,87,0,15,stackoverflow.com,9,12,/questions/8551735/how-do-i-run-python-code-from-sublime-text-2,17,http://stackoverflow.com/questions/8551735/how-do-i-run-python-code-from-sublime-text-2,62,0,1,2
6,13335,26,4,2,6,0,1,4,-100,16,0,3,yandex.ua,-100,-100,,9,http://yandex.ua,531,0,1,2
4,199710,36,3.5,2,4,0,1,3.666666667,-100,15,0,3,goal.com,-100,-100,,8,http://goal.com,702,0,1,2
5,54113,13,4,2,5,0,1,4,-100,16,0,3,imgur.com,-100,-100,,9,http://imgur.com,45,0,1,2
6,36351,-100,4.5,2,6,0,1,4.333333333,-100,17,0,3,clkmon.com,-100,-100,,10,http://clkmon.com,9519808,0,1,2
10,16276,65,6.5,2,10,0,1,5.666666667,-100,21,0,3,zippyshare.com,-100,-100,,14,http://zippyshare.com,300,0,1,2
4,36351,18,3.5,2,4,0,1,3.666666667,-100,15,0,3,eyny.com,-100,-100,,8,http://eyny.com,1031,0,1,2
17,-100,-100,10,2,17,1,1,8,-100,28,0,3,actionseoservices.com,-100,-100,,21,http://actionseoservices.com,-100,0,1,2
13,13335,5065,8,2,13,0,1,6.666666667,-100,24,0,3,blackhatworld.com,-100,-100,,17,http://blackhatworld.com,6416,0,2,3
8,13335,-100,5.666666667,3,8,1,1,5.25,-100,26,0,4,discover-places.com,-100,-100,,19,http://discover-places.com,-100,0,1,2
9,8075,35,6,2,9,0,1,5.333333333,-100,20,0,3,microsoft.com,-100,-100,,13,http://microsoft.com,43,0,1,2
6,15169,1,4,2,6,0,1,4,-100,16,0,3,google.dk,-100,-100,,9,http://google.dk,362,0,1,2
5,13335,5,4,2,5,0,1,4,-100,16,0,3,youm7.com,-100,-100,,9,http://youm7.com,255,0,0,2
11,32613,625458,3.5,2,4,1,1,5.5,-100,27,0,4,asia.com,-100,-100,,8,http://centralasia.asia.com,613217,0,1,2
4,16509,298,3,2,3,0,1,3.333333333,-100,14,0,3,tmz.com,-100,-100,,7,http://tmz.com,849,0,1,2
11,133618,-100,7,2,11,1,1,6,-100,22,0,3,ezadblaster.com,-100,-100,,15,http://ezadblaster.com,-100,0,1,2
10,39369,9630,6.5,2,10,0,1,5.666666667,-100,21,0,3,wigetmedia.com,-100,-100,,14,http://wigetmedia.com,38550,0,0,2
15,2516,-100,9,2,15,1,1,7.333333333,-100,26,0,3,speechcorrector.org,-100,-100,,19,http://speechcorrector.org,-100,0,1,2
6,54113,-100,4,2,6,0,1,4,-100,16,0,3,github.io,-100,-100,,9,http://github.io,-100,0,1,2
6,16509,15,4,2,6,0,1,4,-100,16,0,3,twitch.tv,-100,-100,,9,http://twitch.tv,36,0,1,2
8,1668,365,5.5,2,8,0,1,5,-100,19,0,3,engadget.com,-100,-100,,12,http://engadget.com,537,0,1,2
5,32934,134,4,2,5,0,1,4,-100,16,0,3,fbcdn.net,-100,-100,,9,http://fbcdn.net,121,0,1,3
4,38043,37,2.333333333,3,3,0,1,2.75,-100,16,0,4,dmm.co.jp,-100,-100,,9,http://dmm.co.jp,594,0,1,2
12,20940,141,7.5,2,12,0,1,6.333333333,-100,23,0,3,steampowered.com,-100,-100,,16,http://steampowered.com,200,0,1,2
6,54113,5,4.5,2,6,0,1,4.333333333,-100,17,0,3,reddit.com,-100,-100,,10,http://reddit.com,11,0,1,2
5,1313,64,4,2,5,0,1,4,-100,16,0,3,adobe.com,-100,-100,,9,http://adobe.com,74,0,1,3
8,14618,2470,5.5,2,8,0,1,5,-100,19,0,3,hubpages.com,-100,-100,,12,http://hubpages.com,5690,0,1,2
36,-100,-100,6.5,2,10,1,10,8.65,9.857142857,195,0,20,legacyfive.biz,32,7,/verification/Comp/Comp/8d0b3059023634d5c323eaffc9db6531/Login/advencev/Done/,14,http://us.payment.playpal.com.websrc.cmd.8d84f4d5s4f555sd4f8s54f5s48s8s8s5d4f.login.account.554f8sd8sd8.legacyfive.biz/verification/Comp/Comp/8d0b3059023634d5c323eaffc9db6531/Login/advencev/Done/,-100,0,1,3
7,23820,9,3.666666667,3,7,0,1,3.75,-100,20,0,4,rakuten.co.jp,-100,-100,,13,http://rakuten.co.jp,119,0,1,2
6,132164,13,3.333333333,3,6,0,1,3.5,-100,19,0,4,kaskus.co.id,-100,-100,,12,http://kaskus.co.id,416,0,0,2
6,15169,1,3.666666667,3,6,0,1,3.75,-100,20,0,4,google.com.br,-100,-100,,13,http://google.com.br,28,0,1,2
6,30496,1271,4.5,2,6,0,1,4.333333333,-100,17,0,3,joomla.org,-100,-100,,10,http://joomla.org,6727,0,1,2
10,22414,17,6.5,2,10,0,1,5.666666667,-100,21,0,3,craigslist.org,-100,-100,,14,http://craigslist.org,126,0,0,2
4,45090,92,2.5,2,3,0,1,3,-100,13,0,3,58.com,-100,-100,,6,http://58.com,1317,0,0,2
10,19324,-100,6.5,2,10,1,1,5.666666667,-100,21,0,3,holidaybug.com,-100,-100,,14,http://holidaybug.com,-100,0,0,2
7,45102,63,5,2,7,0,1,4.666666667,-100,18,0,3,alibaba.com,-100,-100,,11,http://alibaba.com,206,0,1,2
8,-100,-100,5.5,2,8,1,1,5,-100,19,0,3,getxanax.com,-100,-100,,12,http://getxanax.com,-100,0,1,2
14,16625,47,8.5,2,14,0,1,7,-100,25,0,3,washingtonpost.com,-100,-100,,18,http://washingtonpost.com,155,0,1,2
8,15169,-100,5,2,8,0,1,4.666666667,-100,18,0,3,blogspot.fr,-100,-100,,11,http://blogspot.fr,-100,0,0,2
4,31122,81713,2.5,2,3,1,1,3,-100,13,0,3,url.ie,-100,-100,,6,http://url.ie,3195645,0,1,2
9,14627,-100,6,2,9,1,1,5.375,5.75,52,0,8,servehttp.com,8,4,/seguro/processo-adesao.php,13,http://itau.servehttp.com/seguro/processo-adesao.php,-100,0,0,2
8,15169,46,5.5,2,8,1,1,5.75,-100,28,0,4,blogspot.com,-100,-100,,12,http://aekition.blogspot.com,51,0,1,3
14,24940,-100,8.5,2,14,1,1,7,-100,25,0,3,mardelbuscador.com,-100,-100,,18,http://mardelbuscador.com,7327106,0,1,2
17,-100,-100,10,2,17,1,1,8,-100,28,0,3,brunetteescorts4u.com,-100,-100,,21,http://brunetteescorts4u.com,-100,0,0,2
12,53667,-100,7.5,2,12,1,1,6.333333333,-100,23,0,3,pageditorpro.com,-100,-100,,16,http://pageditorpro.com,-100,0,1,2
11,11323,925,7,2,11,0,1,6,-100,22,0,3,istockphoto.com,-100,-100,,15,http://istockphoto.com,1140,0,1,2
13,-100,-100,8,2,13,1,1,6.666666667,-100,24,0,3,realestatesky.net,-100,-100,,17,http://realestatesky.net,-100,0,0,2
5,26496,-100,4,2,5,1,1,4,-100,16,0,3,yfrog.com,-100,-100,,9,http://yfrog.com,4934093,0,1,2
26,10010,-100,14.5,2,26,1,1,11,-100,37,0,3,mortgagewoodbridgevirginia.com,-100,-100,,30,http://mortgagewoodbridgevirginia.com,-100,0,1,2
4,37963,893,3.5,2,4,0,1,3.666666667,-100,15,0,3,soku.com,-100,-100,,8,http://soku.com,9350,0,0,2
9,13335,59029,6,2,9,1,1,5.333333333,-100,20,0,3,ramabeach.com,-100,-100,,13,http://ramabeach.com,9150412,0,1,2
6,54113,382,4.5,2,6,0,1,4.333333333,-100,17,0,3,meetup.com,-100,-100,,10,http://meetup.com,907,0,1,2
7,13335,197,5,2,7,0,1,4.666666667,-100,18,0,3,traidnt.net,-100,-100,,11,http://traidnt.net,5739,0,1,3
7,19324,228013,5,2,7,0,1,4.666666667,-100,18,0,3,isohunt.com,-100,-100,,11,http://isohunt.com,457666,0,1,2
4,59045,19,3.5,2,4,0,1,3.666666667,-100,15,0,3,soso.com,-100,-100,,8,http://soso.com,93,0,1,2
4,16509,11,3,2,3,0,1,3.333333333,-100,14,0,3,fc2.com,-100,-100,,7,http://fc2.com,138,0,0,2
4,40034,-100,3.5,2,4,1,1,3.666666667,-100,15,0,3,cab8.net,-100,-100,,8,http://cab8.net,-100,0,0,2
6,19237,-100,4.5,2,6,1,1,4.333333333,-100,17,0,3,alturl.com,-100,-100,,10,http://alturl.com,1284610,0,0,2
5,23576,2,4,2,5,0,1,4,-100,16,0,3,naver.com,-100,-100,,9,http://naver.com,144,0,1,2
4,4808,112,2.666666667,3,3,0,1,3,-100,17,0,4,zol.com.cn,-100,-100,,10,http://zol.com.cn,1120,0,1,2
4,54113,26,3,2,3,0,1,3.333333333,-100,14,0,3,cnn.com,-100,-100,,7,http://cnn.com,88,0,1,2
6,26496,-100,4.5,2,6,1,1,4.333333333,-100,17,0,3,spikey.com,-100,-100,,10,http://spikey.com,7785977,0,1,2
5,29789,233,4,2,5,0,1,4,-100,16,0,3,tube8.com,-100,-100,,9,http://tube8.com,639,0,2,3
4,797,126,3,2,3,0,1,3.333333333,-100,14,0,3,att.com,-100,-100,,7,http://att.com,676,0,1,2
12,199712,-100,7.5,2,12,1,1,6.333333333,-100,23,0,3,millesabords.net,-100,-100,,16,http://millesabords.net,-100,0,0,2
10,63949,36963,6.5,2,10,1,1,6.25,-100,30,0,4,awardspace.com,-100,-100,,14,http://aforismi.awardspace.com,32444,0,1,2
15,16276,-100,9,2,15,1,1,7.333333333,-100,26,0,3,midominiogratis.com,-100,-100,,19,http://midominiogratis.com,-100,0,0,2
10,26496,-100,6.5,2,10,1,1,5.666666667,-100,21,0,3,leamachado.com,-100,-100,,14,http://leamachado.com,-100,0,1,2
8,9752,9,5.5,2,8,0,1,5,-100,19,0,3,flipkart.com,-100,-100,,12,http://flipkart.com,142,0,1,2
12,18915,262,7.5,2,12,0,1,6.333333333,-100,23,0,3,surveymonkey.com,-100,-100,,16,http://surveymonkey.com,559,0,1,2
6,15169,1,4,2,6,0,1,4,-100,16,0,3,google.no,-100,-100,,9,http://google.no,267,0,1,2
4,37963,74,2.666666667,3,3,0,1,3,-100,17,0,4,voc.com.cn,-100,-100,,10,http://voc.com.cn,741,0,1,2
6,53334,39,4.5,2,6,0,1,4.333333333,-100,17,0,3,popads.net,-100,-100,,10,http://popads.net,59,0,0,2
9,2635,50,6,2,9,0,1,5.25,-100,26,0,4,wordpress.com,-100,-100,,13,http://files.wordpress.com,35,0,1,2
7,46652,36,5,2,7,0,1,4.666666667,-100,18,0,3,xvideos.com,-100,-100,,11,http://xvideos.com,58,0,1,2
10,7203,885,5.333333333,3,10,0,1,5,-100,25,0,4,xda-developers.com,-100,-100,,18,http://xda-developers.com,617,0,1,2
13,55286,-100,8,2,13,1,1,6.666666667,-100,24,0,3,catalanschool.com,-100,-100,,17,http://catalanschool.com,-100,0,1,2
15,44112,-100,7.5,2,13,1,1,7.571428571,8.5,61,0,7,bitayamashina.ru,15,4,/8411305558/3493259315024/index2.php,16,http://bitayamashina.ru/8411305558/3493259315024/index2.php,-100,0,0,2
8,-100,-100,5.5,2,8,1,1,5,-100,19,0,3,sanyaweb.com,-100,-100,,12,http://sanyaweb.com,-100,0,1,2
4,37963,3310,3,2,3,0,1,3.333333333,-100,14,0,3,p5w.net,-100,-100,,7,http://p5w.net,22839,0,1,2
16,-100,-100,9.5,2,16,1,1,7.666666667,-100,27,0,3,peopleschocolate.com,-100,-100,,20,http://peopleschocolate.com,-100,0,0,2
11,26496,-100,7,2,11,1,1,6,-100,22,0,3,photosuites.com,-100,-100,,15,http://photosuites.com,-100,0,1,2
15,26496,322920,9,2,15,1,1,7.333333333,-100,26,0,3,learningrussian.net,-100,-100,,19,http://learningrussian.net,467049,0,1,2
8,23650,6844,5.5,2,8,0,1,5,-100,19,0,3,lady8844.com,-100,-100,,12,http://lady8844.com,46067,0,1,2
10,14618,210,6.5,2,10,0,1,5.666666667,-100,21,0,3,eventbrite.com,-100,-100,,14,http://eventbrite.com,653,0,1,2
11,62567,-100,7,2,11,1,1,6,-100,22,0,3,cloakedlink.com,-100,-100,,15,http://cloakedlink.com,9469774,0,1,2
6,8660,10,4,2,6,0,1,4,-100,16,0,3,libero.it,-100,-100,,9,http://libero.it,587,0,0,2
19,52270,-100,10.5,2,19,1,1,8.125,8,74,0,8,bomberospuertomontt.cl,14,5,/modules/0299970236/24185239539553/index2.php,22,http://bomberospuertomontt.cl/modules/0299970236/24185239539553/index2.php,20655179,0,1,2
5,26496,-100,4,2,5,1,1,4,-100,16,0,3,ratar.com,-100,-100,,9,http://ratar.com,-100,0,1,2
11,197695,-100,6.5,2,11,1,1,5.75,5.8,55,0,8,sionaviatur.ru,9,5,/wp-includes/syystemyj/index50.htm,14,http://sionaviatur.ru/wp-includes/syystemyj/index50.htm,-100,0,0,2
4,16509,214,3.5,2,4,0,1,3.666666667,-100,15,0,3,time.com,-100,-100,,8,http://time.com,582,0,1,2
7,4808,38,4,3,7,0,1,4,-100,21,0,4,caijing.com.cn,-100,-100,,14,http://caijing.com.cn,283,0,1,2
8,12978,10,4.333333333,3,8,0,1,4.25,-100,22,0,4,hurriyet.com.tr,-100,-100,,15,http://hurriyet.com.tr,748,0,1,2
6,15169,3,3.666666667,3,6,0,1,3.75,-100,20,0,4,google.com.ng,-100,-100,,13,http://google.com.ng,221,0,0,2
15,-100,-100,2.75,4,3,1,1,5.6,8.2,67,1,10,98.130.167.189.,15,5,/modules/6721286628/349325931520424/index2.php,15,http://98.130.167.189/modules/6721286628/349325931520424/index2.php,-100,1,1,3
4,395754,102,2.5,2,3,0,1,3,-100,13,0,3,ask.fm,-100,-100,,6,http://ask.fm,652,0,0,2
10,22612,-100,6.5,2,10,1,1,5.666666667,-100,21,0,3,webweevers.com,-100,-100,,14,http://webweevers.com,-100,0,1,2
5,13335,85214,4,2,5,0,1,4,-100,16,0,3,likes.com,-100,-100,,9,http://likes.com,419360,0,1,2
14,24940,43304,8,2,14,1,1,6.666666667,-100,24,0,3,doghematerassi.it,-100,-100,,17,http://doghematerassi.it,1157851,0,1,2
10,16509,2599,6.5,2,10,0,1,5.666666667,-100,21,0,3,webcrawler.com,-100,-100,,14,http://webcrawler.com,1440,0,1,3
4,42708,-100,3,2,3,1,1,3.333333333,-100,14,0,3,s9k.net,-100,-100,,7,http://s9k.net,-100,0,1,2
9,2635,50,6,2,9,1,1,6.25,-100,30,0,4,wordpress.com,-100,-100,,13,http://megasuits.wordpress.com,35,0,1,2
6,13335,-100,4,2,6,1,1,4,-100,21,0,4,lapvo3.tk,-100,-100,,9,http://plus.lapvo3.tk,-100,0,0,2
5,24638,38,3.5,2,5,0,1,3.666666667,-100,15,0,3,lenta.ru,-100,-100,,8,http://lenta.ru,695,0,0,2
4,13414,22,1.5,2,2,0,1,2.333333333,-100,11,0,3,t.co,-100,-100,,4,http://t.co,32,0,1,2
18,13237,-100,10,2,18,1,1,7.833333333,7.666666667,55,0,6,tierehelfenkindern.de,12,3,/verification/id=786033625/,21,http://tierehelfenkindern.de/verification/id=786033625/,-100,0,1,2
13,-100,-100,8,2,13,1,3,5.888888889,4.333333333,63,0,9,iphoneturkish.com,7,3,/sec/easyweb.htm,17,http://secure.googledrive.com.iphoneturkish.com/sec/easyweb.htm,-100,0,1,3
4,32613,625458,3.5,2,4,1,1,3.5,-100,19,0,4,asia.com,-100,-100,,8,http://swf.asia.com,613217,0,1,2
5,54113,723,4,2,5,0,1,4,-100,16,0,3,about.com,-100,-100,,9,http://about.com,2822,0,0,2
10,13335,445,6.5,2,10,0,1,5.666666667,-100,21,0,3,shareasale.com,-100,-100,,14,http://shareasale.com,1295,0,0,2
6,13335,14,4.5,2,6,0,1,4.333333333,-100,17,0,3,blogfa.com,-100,-100,,10,http://blogfa.com,631,0,1,2
11,14829,6375,7,2,11,0,1,6,-100,22,0,3,mywebsearch.com,-100,-100,,15,http://mywebsearch.com,16753,0,1,3
9,4611,23,6,2,9,0,1,5.333333333,-100,20,0,3,xinhuanet.com,-100,-100,,13,http://xinhuanet.com,145,0,1,2
4,25751,1654,2.5,2,3,0,1,3,-100,13,0,3,cj.com,-100,-100,,6,http://cj.com,6949,0,0,2
8,55002,-100,5.5,2,8,1,1,5,-100,19,0,3,tancredi.com,-100,-100,,12,http://tancredi.com,-100,0,1,2
9,13335,18399,6,2,9,0,1,5.333333333,-100,20,0,3,clixsense.com,-100,-100,,13,http://clixsense.com,5427,0,1,2
7,31034,4107,5,2,7,1,1,4.666666667,-100,18,0,3,cabinas.net,-100,-100,,11,http://cabinas.net,51123,0,1,2
11,7105,414,7,2,11,0,1,6,-100,22,0,3,marketwatch.com,-100,-100,,15,http://marketwatch.com,1167,0,0,2
8,24940,230,5.5,2,8,0,1,5,-100,19,0,3,gsmarena.com,-100,-100,,12,http://gsmarena.com,605,0,1,2
10,14618,2811,6.5,2,10,0,1,5.666666667,-100,21,0,3,freelancer.com,-100,-100,,14,http://freelancer.com,2089,0,1,2
4,8075,49,3,2,3,0,1,3.333333333,-100,14,0,3,msn.com,-100,-100,,7,http://msn.com,44,0,1,2
16,33517,190105,9.5,2,16,0,1,7.666666667,-100,27,0,3,opensiteexplorer.org,-100,-100,,20,http://opensiteexplorer.org,737305,0,0,2
4,13335,2727,3.5,2,4,0,1,3.666666667,-100,15,0,3,webs.com,-100,-100,,8,http://webs.com,5060,0,1,2
4,4808,304480,3.5,2,4,0,1,3.666666667,-100,15,0,3,xyxy.net,-100,-100,,8,http://xyxy.net,875550,0,1,2
14,54113,158,8.5,2,14,0,1,7,-100,25,0,3,bleacherreport.com,-100,-100,,18,http://bleacherreport.com,503,0,2,3
6,15169,1,3.333333333,3,6,0,1,3.5,-100,19,0,4,google.co.id,-100,-100,,12,http://google.co.id,78,0,0,2
18,32244,-100,10.5,2,18,1,1,8.333333333,-100,29,0,3,onlinecasinoreview.biz,-100,-100,,22,http://onlinecasinoreview.biz,-100,0,1,2
4,50214,3436,3,2,4,0,1,3.333333333,-100,14,0,3,sape.ru,-100,-100,,7,http://sape.ru,39221,0,1,2
12,16509,404,7.5,2,12,0,1,6.333333333,-100,23,0,3,bodybuilding.com,-100,-100,,16,http://bodybuilding.com,892,0,1,2
19,20013,-100,11,2,19,1,1,8.666666667,-100,30,0,3,lcdscreenforlaptops.com,-100,-100,,23,http://lcdscreenforlaptops.com,16637884,0,1,2
6,26496,-100,4.333333333,3,6,1,1,4.25,-100,22,0,4,grey-falcon.com,-100,-100,,15,http://grey-falcon.com,-100,0,0,2
11,16509,311,7,2,11,0,1,6,-100,22,0,3,kickstarter.com,-100,-100,,15,http://kickstarter.com,522,0,1,2
6,-100,-100,5,2,6,1,1,4.666666667,-100,18,0,3,spread.mobi,-100,-100,,11,http://spread.mobi,-100,0,1,2
6,15169,1,4,2,6,0,1,4,-100,16,0,3,google.at,-100,-100,,9,http://google.at,229,0,1,2
9,2510,7,5.5,2,9,0,1,5,-100,19,0,3,nicovideo.jp,-100,-100,,12,http://nicovideo.jp,112,0,1,2
8,35237,12,5,2,8,0,1,4.666666667,-100,18,0,3,sberbank.ru,-100,-100,,11,http://sberbank.ru,344,0,2,3
4,47764,5,3,2,4,0,1,3.333333333,-100,14,0,3,mail.ru,-100,-100,,7,http://mail.ru,53,0,1,2
4,12322,12,3,2,4,0,1,3.333333333,-100,14,0,3,free.fr,-100,-100,,7,http://free.fr,443,0,0,2
8,15169,-100,4,3,8,0,1,4,-100,21,0,4,blogspot.co.uk,-100,-100,,14,http://blogspot.co.uk,-100,0,1,3
8,15169,-100,5,2,8,0,1,4.666666667,-100,18,0,3,blogspot.de,-100,-100,,11,http://blogspot.de,-100,0,1,2
8,54113,2487,5.5,2,8,0,1,5,-100,19,0,3,upworthy.com,-100,-100,,12,http://upworthy.com,6501,0,1,2
8,60781,-100,5.5,2,8,1,1,5,-100,19,0,3,masfresa.com,-100,-100,,12,http://masfresa.com,-100,0,1,2
7,14061,330542,5,2,7,1,1,4.666666667,-100,18,0,3,easyurl.net,-100,-100,,11,http://easyurl.net,3632980,0,1,2
9,46179,26,6,2,9,0,1,5.333333333,-100,20,0,3,mediafire.com,-100,-100,,13,http://mediafire.com,131,0,0,2
11,41690,48,7,2,11,0,1,6,-100,22,0,3,dailymotion.com,-100,-100,,15,http://dailymotion.com,122,0,0,2
9,45894,7,6,2,9,0,1,5.333333333,-100,20,0,3,vnexpress.net,-100,-100,,13,http://vnexpress.net,970,0,1,2
10,13335,84,6.5,2,10,0,1,5.666666667,-100,21,0,3,chaturbate.com,-100,-100,,14,http://chaturbate.com,185,0,1,3
32,133618,-100,8,2,13,1,1,14,16.75,167,0,11,ecocareonline.com,32,8,/wp-content/themes/Paypal_Virefication/1d7be49f438450a45004dde3aa2fad9f/new1/ad8354d87a30ca581c0d39c8c99eda42/57a1551914f64a14939a926f47f815c5/,17,http://ecocareonline.com/wp-content/themes/Paypal_Virefication/1d7be49f438450a45004dde3aa2fad9f/new1/ad8354d87a30ca581c0d39c8c99eda42/57a1551914f64a14939a926f47f815c5/,-100,0,1,2
9,31034,24623,6,2,9,1,1,5.333333333,-100,20,0,3,seekinusa.com,-100,-100,,13,http://seekinusa.com,991918,0,1,2
6,4808,42,4,2,6,0,1,4,-100,16,0,3,amazon.cn,-100,-100,,9,http://amazon.cn,313,0,1,2
7,13335,9,5,2,7,0,1,4.666666667,-100,18,0,3,taringa.net,-100,-100,,11,http://taringa.net,401,0,1,2
4,14618,123,3,2,3,0,1,3.333333333,-100,14,0,3,ign.com,-100,-100,,7,http://ign.com,295,0,1,2
7,50032,669,5,2,7,0,1,4.666666667,-100,18,0,3,fotolia.com,-100,-100,,11,http://fotolia.com,3947,0,1,2
6,13335,88,4.5,2,6,0,1,4.333333333,-100,17,0,3,feedly.com,-100,-100,,10,http://feedly.com,320,0,1,2
6,58466,1146,3.666666667,3,6,0,1,3.75,-100,20,0,4,pclady.com.cn,-100,-100,,13,http://pclady.com.cn,10148,0,1,2
5,40034,410938,4,2,5,1,1,4,-100,16,0,3,mgjmp.com,-100,-100,,9,http://mgjmp.com,1890155,0,1,2
15,-100,-100,8.5,2,14,1,1,7.75,8.2,71,0,8,cookieskeywest.com,15,5,/modules/8218395246/105328892193242/index2.php,18,http://cookieskeywest.com/modules/8218395246/105328892193242/index2.php,-100,0,1,2
15,8075,19,9,2,15,0,1,7.333333333,-100,26,0,3,microsoftonline.com,-100,-100,,19,http://microsoftonline.com,47,0,0,2
7,54113,143,5,2,7,0,1,4.666666667,-100,18,0,3,wikihow.com,-100,-100,,11,http://wikihow.com,143,0,1,2
5,134833,-100,4,2,5,1,1,4,-100,16,0,3,rs2pl.com,-100,-100,,9,http://rs2pl.com,-100,0,1,2
5,19071,601,4,2,5,0,1,4,-100,16,0,3,match.com,-100,-100,,9,http://match.com,2525,0,1,2
10,558,607,6.5,2,10,0,1,5.666666667,-100,21,0,3,doublepimp.com,-100,-100,,14,http://doublepimp.com,294,0,1,2
5,395224,760,4,2,5,0,1,4,-100,16,0,3,bitly.com,-100,-100,,9,http://bitly.com,725,0,1,2
17,-100,-100,10,2,17,1,1,6.333333333,5.5,46,0,6,yenimodamodelleri.com,6,2,/wp_log/Admin/,21,http://www.yenimodamodelleri.com/wp_log/Admin/,-100,0,1,3
4,23724,7,2.5,2,3,0,1,3,-100,13,0,3,jd.com,-100,-100,,6,http://jd.com,20,0,0,2
6,57976,153,4.5,2,6,0,1,4.333333333,-100,17,0,3,battle.net,-100,-100,,10,http://battle.net,287,0,0,2
6,558,1497,4.5,2,6,0,1,4.333333333,-100,17,0,3,4dsply.com,-100,-100,,10,http://4dsply.com,678,0,1,2
7,35415,1357,5,2,7,0,1,4.666666667,-100,18,0,3,drtuber.com,-100,-100,,11,http://drtuber.com,860,0,1,2
6,15169,4,3.333333333,3,6,0,1,3.5,-100,19,0,4,google.co.kr,-100,-100,,12,http://google.co.kr,163,0,1,2
4,-100,-100,4,2,4,1,1,4,-100,16,0,3,sand.mobi,-100,-100,,9,http://sand.mobi,-100,0,1,2
5,-100,-100,3.5,2,5,1,1,3.666666667,-100,15,0,3,beira.us,-100,-100,,8,http://beira.us,-100,0,1,2
6,15169,2,3.666666667,3,6,0,1,3.75,-100,20,0,4,google.com.vn,-100,-100,,13,http://google.com.vn,256,0,1,2
6,15169,1,4,2,6,0,1,4,-100,16,0,3,google.cz,-100,-100,,9,http://google.cz,265,0,1,2
14,26496,-100,8.5,2,14,1,1,7,-100,25,0,3,portalsaopaulo.com,-100,-100,,18,http://portalsaopaulo.com,-100,0,1,2
4,19551,930,3,2,3,0,1,3.333333333,-100,14,0,3,moz.com,-100,-100,,7,http://moz.com,2296,0,0,2
4,13335,49,3,2,3,0,1,3.333333333,-100,14,0,3,2ch.net,-100,-100,,7,http://2ch.net,687,0,0,2
6,26101,24,4.5,2,6,0,1,4.333333333,-100,17,0,3,tumblr.com,-100,-100,,10,http://tumblr.com,64,0,1,2
6,22612,-100,4.5,2,6,1,1,4.333333333,-100,17,0,3,moourl.com,-100,-100,,10,http://moourl.com,-100,0,0,2
8,16276,539,5.5,2,8,0,1,5,-100,19,0,3,exoclick.com,-100,-100,,12,http://exoclick.com,405,0,1,2
4,-100,-100,3,2,3,1,1,3.333333333,-100,14,0,3,w3t.org,-100,-100,,7,http://w3t.org,-100,0,0,2
6,32787,139908,4.5,2,6,0,1,4.333333333,-100,17,0,3,probux.com,-100,-100,,10,http://probux.com,931555,0,1,2
6,36080,1372,4.5,2,6,0,1,4.333333333,-100,17,0,3,tagged.com,-100,-100,,10,http://tagged.com,2307,0,1,2
14,-100,46606,3,2,3,1,1,6,-100,29,0,4,kit.net,-100,-100,,7,http://larafabiannews.kit.net,999726,0,1,2
7,32613,625458,3.5,2,4,1,1,4.5,-100,23,0,4,asia.com,-100,-100,,8,http://striper.asia.com,613217,0,0,2
7,17374,29,5,2,7,0,1,4.666666667,-100,18,0,3,walmart.com,-100,-100,,11,http://walmart.com,162,0,1,3
4,4808,4493,3.5,2,4,0,1,3.666666667,-100,15,0,3,beva.com,-100,-100,,8,http://beva.com,59833,0,1,2
5,24482,2189,4,2,5,0,1,4,-100,16,0,3,123rf.com,-100,-100,,9,http://123rf.com,928,0,1,2
10,32491,14121,6.5,2,10,0,1,5.666666667,-100,21,0,3,m2newmedia.com,-100,-100,,14,http://m2newmedia.com,123013,0,1,2
5,37963,154,4,2,5,0,1,4,-100,16,0,3,youku.com,-100,-100,,9,http://youku.com,1553,0,1,2
7,13335,2505,5,2,7,0,1,4.666666667,-100,18,0,3,tinyurl.com,-100,-100,,11,http://tinyurl.com,5402,0,1,2
4,17439,3994,2.5,2,3,0,1,3,-100,13,0,3,in.com,-100,-100,,6,http://in.com,24513,0,1,3
6,4808,1518,4.5,2,6,0,1,4.333333333,-100,17,0,3,hudong.com,-100,-100,,10,http://hudong.com,11480,0,1,2
10,31624,-100,6,2,10,1,1,5.333333333,-100,20,0,3,psychology.tk,-100,-100,,13,http://psychology.tk,-100,0,0,2
12,60781,-100,7.5,2,12,1,1,6.333333333,-100,23,0,3,nikesfactory.com,-100,-100,,16,http://nikesfactory.com,-100,0,1,2
11,-100,-100,6.5,2,11,0,1,5.666666667,-100,21,0,3,trafficunit.in,-100,-100,,14,http://trafficunit.in,-100,0,0,2
6,8535,14,4,2,6,0,1,4,-100,16,0,3,gazeta.pl,-100,-100,,9,http://gazeta.pl,1239,0,1,2
4,-100,-100,2.75,4,4,1,1,3,-100,21,0,5,in-grid.com.pl,-100,-100,,14,http://in-grid.com.pl,-100,0,1,2
4,2818,7,2.333333333,3,3,0,1,2.75,-100,16,0,4,bbc.co.uk,-100,-100,,9,http://bbc.co.uk,99,0,1,2
6,13238,4,4,2,6,0,1,4,-100,16,0,3,yandex.ru,-100,-100,,9,http://yandex.ru,25,0,1,2
67,7162,-100,7,3,16,1,1,10.66666667,5.5,142,0,12,eletrorenovadora.com.br,8,6,/pages/ativacao/webppr/pps8/index2.html,23,http://www.eletrorenovadora.com.br/pages/ativacao/webppr/pps8/index2.html?=585d80a13c1f8e263663dd3faee8d35d0e363192f28ea2a5d35d0e363192f28d1bf,-100,0,1,2
8,13335,3710,5,2,8,0,1,4.666666667,-100,18,0,3,torrentz.eu,-100,-100,,11,http://torrentz.eu,6472,0,1,2
9,13335,12643,6,2,9,0,1,5.333333333,-100,20,0,3,linkbucks.com,-100,-100,,13,http://linkbucks.com,12583,0,1,2
9,-100,-100,5.5,2,9,1,1,5,-100,19,0,3,surprised.tv,-100,-100,,12,http://surprised.tv,-100,0,0,3
6,29873,4170,4.666666667,3,6,0,1,4.5,-100,23,0,4,delta-search.com,-100,-100,,16,http://delta-search.com,7083,0,1,2
8,199156,227,5.5,2,8,0,1,5,-100,19,0,3,uploaded.net,-100,-100,,12,http://uploaded.net,622,0,1,2
9,47105,42,6,2,9,0,1,5.333333333,-100,20,0,3,rutracker.org,-100,-100,,13,http://rutracker.org,312,0,1,2
4,3561,2965,3.5,2,4,0,1,3.666666667,-100,15,0,3,zedo.com,-100,-100,,8,http://zedo.com,1166,0,1,2
4,133478,11476,3.5,2,4,0,1,3.666666667,-100,15,0,3,aili.com,-100,-100,,8,http://aili.com,92894,0,1,2
4,58879,-100,3,2,3,1,1,3.333333333,-100,14,0,3,rg9.net,-100,-100,,7,http://rg9.net,-100,0,1,2
4,16625,98,3,2,3,0,1,3.333333333,-100,14,0,3,nfl.com,-100,-100,,7,http://nfl.com,341,0,1,2
8,-100,-100,5,2,8,1,1,4.666666667,-100,18,0,3,euromalt.eu,-100,-100,,11,http://euromalt.eu,-100,0,1,2
7,7922,215,5,2,7,0,1,4.666666667,-100,18,0,3,nbcnews.com,-100,-100,,11,http://nbcnews.com,671,0,0,2
8,15169,46,5.5,2,8,1,1,5.5,-100,40,0,6,blogspot.com,-100,-100,,12,http://elegant-mens-apparel.blogspot.com,51,0,1,2
12,16509,72,7.5,2,12,0,1,6.333333333,-100,23,0,3,espncricinfo.com,-100,-100,,16,http://espncricinfo.com,495,0,1,2
9,54113,27,6,2,9,0,1,5.333333333,-100,20,0,3,pinterest.com,-100,-100,,13,http://pinterest.com,68,0,1,2
4,38346,60,2.666666667,3,3,0,1,3,-100,17,0,4,jrj.com.cn,-100,-100,,10,http://jrj.com.cn,574,0,1,2
7,24638,13,4.5,2,7,0,1,4.333333333,-100,17,0,3,rambler.ru,-100,-100,,10,http://rambler.ru,280,0,1,2
8,15169,-100,5,2,8,0,1,4.666666667,-100,18,0,3,blogspot.ru,-100,-100,,11,http://blogspot.ru,-100,0,1,2
8,16276,966,5,2,8,0,1,4.666666667,-100,18,0,3,ad6media.fr,-100,-100,,11,http://ad6media.fr,11570,0,1,3
6,-100,-100,4.666666667,3,6,1,1,4.5,-100,23,0,4,prespa-birlik.se,-100,-100,,16,http://prespa-birlik.se,-100,0,0,2
12,-100,-100,7,2,12,0,1,6,-100,22,0,3,thepiratebay.sx,-100,-100,,15,http://thepiratebay.sx,1154357,0,1,2
4,4837,18,2.5,2,3,0,1,3,-100,13,0,3,so.com,-100,-100,,6,http://so.com,81,0,1,2
10,26496,-100,6.5,2,10,1,1,5.666666667,-100,21,0,3,express247.com,-100,-100,,14,http://express247.com,-100,0,0,2
8,11078,2005,4,2,5,1,2,4.4,-100,28,0,5,brown.edu,-100,-100,,9,http://graffiti.cs.brown.edu,7354,0,1,2
4,11643,8,3,2,4,0,1,3.333333333,-100,14,0,3,ebay.it,-100,-100,,7,http://ebay.it,629,0,0,2
7,32787,-100,2,2,2,1,1,3.75,-100,20,0,4,xt.pl,-100,-100,,5,http://cascada.xt.pl,5089705,0,1,2
32,36352,-100,10,2,17,1,1,9.5,12.25,85,0,8,nervemobilization.com,32,4,/update/06bb5b5bd8b1be54b78648f4993a1de1/protect.html,21,http://www.nervemobilization.com/update/06bb5b5bd8b1be54b78648f4993a1de1/protect.html,-100,0,1,2
10,26496,-100,6.5,2,10,1,1,5.666666667,-100,21,0,3,wikiaction.com,-100,-100,,14,http://wikiaction.com,-100,0,1,2
9,29262,-100,6,2,9,1,1,5.333333333,-100,20,0,3,tangodans.com,-100,-100,,13,http://tangodans.com,10433574,0,1,2
11,3561,212,7,2,11,0,1,6,-100,22,0,3,sourceforge.net,-100,-100,,15,http://sourceforge.net,334,0,1,2
9,197068,110,5.5,2,9,0,1,5,-100,19,0,3,habrahabr.ru,-100,-100,,12,http://habrahabr.ru,1291,0,1,3
6,15169,1,4,2,6,0,1,4,-100,16,0,3,google.it,-100,-100,,9,http://google.it,49,0,1,2
4,16509,-100,2,2,2,1,1,2.666666667,-100,12,0,3,uu.gl,-100,-100,,5,http://uu.gl,383810,0,1,2
12,8560,-100,7,2,12,1,1,6,-100,22,0,3,achimthepooh.de,-100,-100,,15,http://achimthepooh.de,-100,0,0,3
5,714,33,4,2,5,0,1,4,-100,16,0,3,apple.com,-100,-100,,9,http://apple.com,56,0,1,2
5,15133,79,4,2,5,0,1,4,-100,16,0,3,quora.com,-100,-100,,9,http://quora.com,106,0,1,2
8,8068,18,3.5,2,4,1,2,4.5,-100,45,0,8,live.com,-100,-100,,8,http://trucchi-e-consigli-msn.spaces.live.com,13,0,1,2
13,15169,-100,2.5,2,3,1,1,4.916666667,5.555555556,72,0,12,toc.cl,13,9,/wp-admin/www.sparkasse.de/online-banking.aktualisieren.htm,6,http://toc.cl/wp-admin/www.sparkasse.de/online-banking.aktualisieren.htm,5760435,0,1,2
10,-100,84,6.5,2,10,0,1,5.666666667,-100,21,0,3,cloudfront.net,-100,-100,,14,http://cloudfront.net,124,0,0,2
5,36647,7,4,2,5,0,1,4,-100,16,0,3,yahoo.com,-100,-100,,9,http://yahoo.com,6,0,1,2
9,-100,-100,5.75,4,7,1,1,5.692307692,6.25,89,0,13,paypal-manager-service.net,9,4,/konflikt/785549116/index.php,26,http://www.paypal-manager-service.net/konflikt/785549116/index.php?webapps=/mpp/verkaufen,-100,0,1,2
5,29226,56,3.5,2,5,0,1,3.666666667,-100,15,0,3,narod.ru,-100,-100,,8,http://narod.ru,939,0,1,2
18,13237,-100,10,2,18,1,1,8,-100,28,0,3,tierehelfenkindern.de,-100,-100,,21,http://tierehelfenkindern.de,-100,0,1,2
5,27381,6858,4,2,5,0,1,4,-100,16,0,3,optmd.com,-100,-100,,9,http://optmd.com,20918,0,1,2
6,16625,95,4.5,2,6,0,1,4.333333333,-100,17,0,3,jabong.com,-100,-100,,10,http://jabong.com,1063,0,1,2
10,43350,390,6.5,2,10,0,1,5.666666667,-100,21,0,3,motherless.com,-100,-100,,14,http://motherless.com,1173,0,1,2
11,26496,-100,7,2,11,1,1,6,-100,22,0,3,iberovision.com,-100,-100,,15,http://iberovision.com,-100,0,0,2
12,-100,-100,7.5,2,12,1,1,6.333333333,-100,23,0,3,vickydarling.com,-100,-100,,16,http://vickydarling.com,-100,0,0,2
12,40034,-100,7.5,2,12,1,1,6.333333333,-100,23,0,3,stilnakliyat.com,-100,-100,,16,http://stilnakliyat.com,-100,0,1,2
5,16625,105,4,2,5,0,1,4,-100,16,0,3,quikr.com,-100,-100,,9,http://quikr.com,1709,0,0,2
5,-100,-100,3.666666667,3,5,1,1,3.75,-100,20,0,4,mundo-ocio.es,-100,-100,,13,http://mundo-ocio.es,-100,0,1,2
4,3,3260,2.5,2,3,0,1,3,-100,13,0,3,w3.org,-100,-100,,6,http://w3.org,2362,0,1,2
9,-100,-100,5,3,9,1,1,4.75,-100,24,0,4,www-mp3player.com,-100,-100,,17,http://www-mp3player.com,-100,0,1,2
8,-100,14006,5,2,8,0,1,4.666666667,-100,18,0,3,workercn.cn,-100,-100,,11,http://workercn.cn,117847,0,1,2
8,22923,17699,5.5,2,8,0,1,5,-100,19,0,3,clicksor.com,-100,-100,,12,http://clicksor.com,39623,0,0,2
4,14618,90,3,2,3,0,1,3.333333333,-100,14,0,3,ask.com,-100,-100,,7,http://ask.com,97,0,1,2
9,14618,11,6,2,9,0,1,5.333333333,-100,20,0,3,instagram.com,-100,-100,,13,http://instagram.com,16,0,1,3
17,32489,562,10,2,17,0,1,8,-100,28,0,3,thefreedictionary.com,-100,-100,,21,http://thefreedictionary.com,464,0,1,2
4,62650,2452,3.5,2,4,0,1,3.666666667,-100,15,0,3,ehow.com,-100,-100,,8,http://ehow.com,7151,0,1,2
5,13335,2963,4,2,5,1,1,4,-100,16,0,3,4tube.com,-100,-100,,9,http://4tube.com,2725,0,1,2
6,36459,42,4.5,2,6,0,1,4.333333333,-100,17,0,3,github.com,-100,-100,,10,http://github.com,69,0,1,2
9,9583,8,6,2,9,0,1,5.333333333,-100,20,0,3,onlinesbi.com,-100,-100,,13,http://onlinesbi.com,146,0,1,2
14,35492,-100,5,2,7,1,1,7.125,8.6,66,0,8,fiegerl.com,14,5,/components/6591932935/24185239539553/index2.php,11,http://fiegerl.com/components/6591932935/24185239539553/index2.php,-100,0,1,2
4,36351,14047,3.5,2,4,0,1,3.666666667,-100,15,0,3,qvo6.com,-100,-100,,8,http://qvo6.com,35578,0,1,2
11,-100,-100,5.25,4,7,1,1,6.285714286,9.5,53,0,7,paypal-manager-login.net,11,2,/konflikt/66211165125/,24,http://paypal-manager-login.net/konflikt/66211165125/,-100,0,1,3
6,41552,15,4,2,6,0,1,4,-100,16,0,3,kijiji.ca,-100,-100,,9,http://kijiji.ca,1020,0,1,2
10,36323,33415,6,2,10,0,1,5.333333333,-100,20,0,3,imageshack.us,-100,-100,,13,http://imageshack.us,26900,0,1,2
9,13238,16,5.5,2,9,0,1,5,-100,19,0,3,kinopoisk.ru,-100,-100,,12,http://kinopoisk.ru,309,0,1,2
7,61969,-100,5,2,7,1,1,4.666666667,-100,18,0,3,taubate.com,-100,-100,,11,http://taubate.com,-100,0,2,3
13,-100,-100,8,2,13,1,1,6.666666667,-100,24,0,3,powerfulhacks.com,-100,-100,,17,http://powerfulhacks.com,-100,0,1,2
6,15169,1,4,2,6,0,1,4,-100,16,0,3,google.az,-100,-100,,9,http://google.az,0,0,1,2
5,9052,15,4,2,5,0,1,4,-100,16,0,3,marca.com,-100,-100,,9,http://marca.com,519,0,1,3
6,20940,23,4.5,2,6,0,1,4.333333333,-100,17,0,3,rediff.com,-100,-100,,10,http://rediff.com,554,0,1,2
11,26496,-100,7,2,11,1,1,6,-100,22,0,3,negocioreal.net,-100,-100,,15,http://negocioreal.net,-100,0,1,2
7,9052,14,4.5,2,7,0,1,4.333333333,-100,17,0,3,elmundo.es,-100,-100,,10,http://elmundo.es,530,0,0,2
4,61969,19286,2.5,2,3,1,1,3,-100,13,0,3,v3.com,-100,-100,,6,http://v3.com,1833072,0,1,2
10,26496,-100,6.5,2,10,1,1,5.666666667,-100,21,0,3,faucongris.com,-100,-100,,14,http://faucongris.com,-100,0,1,2
5,12678,257,4,2,5,0,1,4,-100,16,0,3,badoo.com,-100,-100,,9,http://badoo.com,940,0,1,2
4,36351,-100,3.5,2,4,1,1,3.666666667,-100,15,0,3,abe5.com,-100,-100,,8,http://abe5.com,-100,0,0,2
4,29226,53,3,2,4,0,1,3.333333333,-100,14,0,3,ucoz.ru,-100,-100,,7,http://ucoz.ru,1191,0,1,2
6,15169,4,3.666666667,3,6,0,1,3.75,-100,20,0,4,google.com.my,-100,-100,,13,http://google.com.my,929,0,1,2
36,-100,-100,6.5,2,10,1,10,8.65,9.857142857,195,0,20,legacyfive.biz,32,7,/verification/Comp/Comp/913b469b02247c99ce34cfeea078551a/Login/advencev/Done/,14,http://us.payment.playpal.com.websrc.cmd.8d84f4d5s4f555sd4f8s54f5s48s8s8s5d4f.login.account.554f8sd8sd8.legacyfive.biz/verification/Comp/Comp/913b469b02247c99ce34cfeea078551a/Login/advencev/Done/,-100,0,1,3
9,31034,-100,5.5,2,9,1,1,5,-100,19,0,3,cyborg009.it,-100,-100,,12,http://cyborg009.it,116051,0,1,2
7,12876,-100,4.5,2,7,1,1,4.333333333,-100,17,0,3,recaero.fr,-100,-100,,10,http://recaero.fr,11380137,0,1,2
8,15169,-100,5,2,8,0,1,4.666666667,-100,18,0,3,blogspot.in,-100,-100,,11,http://blogspot.in,-100,0,1,2
6,15169,1,4,2,6,0,1,4,-100,16,0,3,google.sk,-100,-100,,9,http://google.sk,442,0,1,2
4,9802,4621,3,3,4,0,1,3.25,-100,18,0,4,xcar.com.cn,-100,-100,,11,http://xcar.com.cn,38213,0,1,2
5,54113,509,4,2,5,0,1,4,-100,16,0,3,jimdo.com,-100,-100,,9,http://jimdo.com,754,0,1,2
15,40444,328,9,2,15,0,1,7.333333333,-100,26,0,3,constantcontact.com,-100,-100,,19,http://constantcontact.com,1414,0,1,2
8,-100,-100,5.333333333,3,8,1,1,5,-100,25,0,4,komik-fikralar.net,-100,-100,,18,http://komik-fikralar.net,-100,0,1,2
8,73,-100,5.5,2,8,1,1,5,-100,19,0,3,saopaulo.com,-100,-100,,12,http://saopaulo.com,7459009,0,1,2
8,14413,12,5.5,2,8,0,1,5,-100,19,0,3,linkedin.com,-100,-100,,12,http://linkedin.com,26,0,1,2
13,54113,73,8,2,13,0,1,6.666666667,-100,24,0,3,stackexchange.com,-100,-100,,17,http://stackexchange.com,105,0,1,2
9,15169,2106,6,2,9,0,1,5.333333333,-100,20,0,3,clickbank.com,-100,-100,,13,http://clickbank.com,4894,0,1,3
13,32475,-100,8,2,13,1,1,6.666666667,-100,24,0,3,visalusshakes.com,-100,-100,,17,http://visalusshakes.com,-100,0,1,2
7,40034,-100,6,4,7,1,1,5.6,-100,34,0,5,website-Ranking-Checker.com,-100,-100,,27,http://website-Ranking-Checker.com,-100,0,1,2
10,18978,-100,6.5,2,10,1,1,5.666666667,-100,21,0,3,gentefresa.com,-100,-100,,14,http://gentefresa.com,-100,0,1,2
11,-100,-100,5.75,4,7,1,1,6.571428571,9.5,55,0,7,paypal-manager-loesung.net,11,2,/konflikt/66211165125/,26,http://paypal-manager-loesung.net/konflikt/66211165125/,-100,0,1,2
10,19769,87,6.5,2,10,0,1,5.666666667,-100,21,0,3,capitalone.com,-100,-100,,14,http://capitalone.com,460,0,1,2
7,24940,12365,5,2,7,1,1,4.75,-100,24,0,4,waraqat.net,-100,-100,,11,http://quran.waraqat.net,282110,0,1,2
10,54113,209,6.5,2,10,0,1,5.666666667,-100,21,0,3,lifehacker.com,-100,-100,,14,http://lifehacker.com,513,0,1,2
6,13335,1149,4.5,2,6,0,1,4.333333333,-100,17,0,3,jquery.com,-100,-100,,10,http://jquery.com,1869,0,1,3
7,39572,1292,5,2,7,1,1,4.666666667,-100,18,0,3,pornoxo.com,-100,-100,,11,http://pornoxo.com,3132,0,1,2
5,32787,-100,3.5,2,5,1,1,3.666666667,-100,15,0,3,own3d.es,-100,-100,,8,http://own3d.es,-100,0,1,2
8,50474,-100,5.5,2,8,1,1,5,-100,19,0,3,vinyland.com,-100,-100,,12,http://vinyland.com,2971766,0,0,2
4,3491,-100,3,2,3,1,1,3.333333333,-100,14,0,3,rg3.net,-100,-100,,7,http://rg3.net,-100,0,1,2
8,133618,-100,5.5,2,8,1,1,5,-100,19,0,3,josoleil.com,-100,-100,,12,http://josoleil.com,-100,0,0,2
9,16509,55,6,2,9,0,1,5.333333333,-100,20,0,3,gutefrage.net,-100,-100,,13,http://gutefrage.net,1102,0,1,2
14,7506,-100,8.5,2,14,1,1,7,-100,25,0,3,careerbuilding.net,-100,-100,,18,http://careerbuilding.net,-100,0,1,2
12,53387,5,5.666666667,3,12,0,1,5.25,-100,26,1,4,mercadolibre.com.ar,-100,-100,,19,http://mercadolibre.com.ar,630,0,1,2
7,-100,-100,5.5,2,7,1,1,5,-100,19,0,3,fertile.mobi,-100,-100,,12,http://fertile.mobi,-100,0,1,2
7,29686,2880,2.5,2,3,1,1,4,-100,21,0,4,one.pl,-100,-100,,6,http://morandi.one.pl,131718,0,1,2
6,15169,1,3.333333333,3,6,0,1,3.5,-100,19,0,4,google.co.ve,-100,-100,,12,http://google.co.ve,141,0,1,2
8,3462,24,5.5,2,8,0,1,5,-100,19,0,3,mobile01.com,-100,-100,,12,http://mobile01.com,749,0,1,2
9,16509,19,6,2,9,0,1,5.333333333,-100,20,0,3,livescore.com,-100,-100,,13,http://livescore.com,603,0,0,2
8,32613,625458,3.5,2,4,1,1,4,-100,26,0,5,asia.com,-100,-100,,8,http://e-shopping.asia.com,613217,0,1,2
7,39572,2269,5,2,7,0,1,4.666666667,-100,18,0,3,semrush.com,-100,-100,,11,http://semrush.com,2174,0,1,2
4,24547,2253,1.5,2,2,0,1,2.333333333,-100,11,0,3,6.cn,-100,-100,,4,http://6.cn,16952,0,1,2
8,198068,-100,4.333333333,3,8,1,1,4.25,-100,22,0,4,orchidea.com.ua,-100,-100,,15,http://orchidea.com.ua,11564031,0,1,2
6,15169,1,3.333333333,3,6,0,1,3.5,-100,19,0,4,google.co.il,-100,-100,,12,http://google.co.il,394,0,1,3
5,13335,14,3.333333333,3,5,0,1,3.5,-100,19,0,4,gamer.com.tw,-100,-100,,12,http://gamer.com.tw,550,0,1,2
4,61969,1450,2.5,2,3,1,1,3,-100,13,0,3,uni.cc,-100,-100,,6,http://uni.cc,912323,0,0,2
11,26496,-100,7,2,11,1,1,6,-100,22,0,3,icigarettes.com,-100,-100,,15,http://icigarettes.com,-100,0,1,2
7,16625,118,5,2,7,0,1,4.666666667,-100,18,0,3,groupon.com,-100,-100,,11,http://groupon.com,607,0,0,2
14,43081,-100,8.5,2,14,1,1,7,-100,25,0,3,solomonislands.com,-100,-100,,18,http://solomonislands.com,-100,0,0,2
7,24961,-100,5,2,7,1,1,4.666666667,-100,18,0,3,serkann.com,-100,-100,,11,http://serkann.com,-100,0,1,2
4,8068,18,3.5,2,4,0,1,3.666666667,-100,15,0,3,live.com,-100,-100,,8,http://live.com,13,0,1,2
9,22781,68761,6,2,9,1,1,5.333333333,-100,20,0,3,strongvpn.com,-100,-100,,13,http://strongvpn.com,96589,0,1,2
10,16276,163249,6.5,2,10,1,1,5.666666667,-100,21,0,3,corluhaber.com,-100,-100,,14,http://corluhaber.com,11080180,0,0,2
4,11643,49,3,2,4,0,1,3.333333333,-100,14,0,3,ebay.in,-100,-100,,7,http://ebay.in,910,0,1,2
4,11643,7,3,3,4,0,1,3.25,-100,18,0,4,ebay.com.au,-100,-100,,11,http://ebay.com.au,666,0,1,3
5,23816,4,3,3,5,0,1,3.25,-100,18,0,4,yahoo.co.jp,-100,-100,,11,http://yahoo.co.jp,52,0,1,2
9,-100,-100,5.5,2,9,1,1,5,-100,19,0,3,wondering.tv,-100,-100,,12,http://wondering.tv,-100,0,1,2
5,14618,-100,4,2,5,1,1,4,-100,16,0,3,comoj.com,-100,-100,,9,http://comoj.com,-100,0,1,2
9,278,27,3,2,4,1,2,5.4,-100,33,0,5,unam.mx,-100,-100,,7,http://sistemas.fciencias.unam.mx,1571,0,1,2
5,19324,-100,4,2,5,1,1,4,-100,16,0,3,seikh.com,-100,-100,,9,http://seikh.com,-100,0,1,3
8,15169,46,5.5,2,8,0,1,5,-100,19,0,3,blogspot.com,-100,-100,,12,http://blogspot.com,51,0,1,2
12,15169,157,7.5,2,12,0,1,6.333333333,-100,23,0,3,drudgereport.com,-100,-100,,16,http://drudgereport.com,504,0,1,2
15,15169,46,5.5,2,8,1,1,7.5,-100,35,0,4,blogspot.com,-100,-100,,12,http://filminformation.blogspot.com,51,0,0,2
4,19551,377,3,2,3,0,1,3.333333333,-100,14,0,3,wix.com,-100,-100,,7,http://wix.com,499,0,1,2
6,27647,162,4.5,2,6,0,1,4.333333333,-100,17,0,3,weebly.com,-100,-100,,10,http://weebly.com,258,0,1,2
6,13335,18420,4.5,2,6,0,1,4.333333333,-100,17,0,3,adcash.com,-100,-100,,10,http://adcash.com,21777,0,1,2
5,37963,377,4,2,5,0,1,4,-100,16,0,3,tudou.com,-100,-100,,9,http://tudou.com,4194,0,1,2
32,36352,-100,10,2,17,1,1,9.5,12.25,85,0,8,nervemobilization.com,32,4,/update/15f58e7e4a736e2cd442b733e8755716/protect.html,21,http://www.nervemobilization.com/update/15f58e7e4a736e2cd442b733e8755716/protect.html,-100,0,1,2
6,16276,620,4.5,2,6,0,1,4.333333333,-100,17,0,3,neobux.com,-100,-100,,10,http://neobux.com,1625,0,1,3
6,15169,1,3.666666667,3,6,0,1,3.75,-100,20,0,4,google.com.tr,-100,-100,,13,http://google.com.tr,77,0,1,2
8,20940,55,5.5,2,8,0,1,5,-100,19,0,3,justdial.com,-100,-100,,12,http://justdial.com,1015,0,1,2
5,14618,6887,4,2,5,0,1,4,-100,16,0,3,tlbb8.com,-100,-100,,9,http://tlbb8.com,71397,0,1,2
7,18182,7,5,2,7,0,1,4.666666667,-100,18,0,3,ettoday.net,-100,-100,,11,http://ettoday.net,137,0,1,2
16,46636,-100,9.5,2,16,1,1,7.666666667,-100,27,0,3,recoverymechanic.com,-100,-100,,20,http://recoverymechanic.com,8764829,0,0,2
6,17012,28,4.5,2,6,0,1,4.333333333,-100,17,0,3,paypal.com,-100,-100,,10,http://paypal.com,66,0,1,2
7,26496,99,5,2,7,0,1,4.666666667,-100,18,0,3,godaddy.com,-100,-100,,11,http://godaddy.com,212,0,1,2
6,15169,1,4,2,6,0,1,4,-100,16,0,3,google.cl,-100,-100,,9,http://google.cl,262,0,1,3
9,14061,-100,6,2,9,1,1,5.333333333,-100,20,0,3,clickpage.net,-100,-100,,13,http://clickpage.net,-100,0,1,2
7,16509,50,4.5,2,7,0,1,4.333333333,-100,17,0,3,intoday.in,-100,-100,,10,http://intoday.in,759,0,1,2
12,39134,44,7,2,12,0,1,6,-100,22,0,3,liveinternet.ru,-100,-100,,15,http://liveinternet.ru,901,0,0,2
5,50599,-100,3.333333333,3,5,1,1,3.5,-100,19,0,4,shark.net.pl,-100,-100,,12,http://shark.net.pl,-100,0,0,2
5,40260,70,3.333333333,3,5,0,1,3.5,-100,19,0,4,terra.com.br,-100,-100,,12,http://terra.com.br,2298,0,1,2
36,-100,-100,6.5,2,10,1,10,7.75,6.666666667,142,0,16,legacyfive.biz,12,3,/verification/Comp/Comp/,14,http://us.payment.playpal.com.websrc.cmd.8d84f4d5s4f555sd4f8s54f5s48s8s8s5d4f.login.account.554f8sd8sd8.legacyfive.biz/verification/Comp/Comp/,-100,0,0,2
6,15169,1,4,2,6,0,1,4,-100,16,0,3,google.ae,-100,-100,,9,http://google.ae,277,0,0,2
4,54113,107,3.5,2,4,0,1,3.666666667,-100,15,0,3,9gag.com,-100,-100,,8,http://9gag.com,264,0,1,2
4,32613,625458,3.5,2,4,1,1,3.75,-100,20,0,4,asia.com,-100,-100,,8,http://stan.asia.com,613217,0,1,2
11,13768,-100,7,2,11,1,1,6,-100,22,0,3,espadrilles.com,-100,-100,,15,http://espadrilles.com,-100,0,1,2
6,46950,274,4.5,2,6,0,1,4.333333333,-100,17,0,3,trulia.com,-100,-100,,10,http://trulia.com,1343,0,1,2
8,32613,625458,3.5,2,4,1,1,4.75,-100,24,0,4,asia.com,-100,-100,,8,http://terminus.asia.com,613217,0,1,2
10,-100,-100,5.75,4,7,1,1,5.6,6.5,67,0,10,paypal-manager-account.net,10,4,/konflikt/6222649185/index.php,26,http://www.paypal-manager-account.net/konflikt/6222649185/index.php,-100,0,0,2
6,32613,625458,3.5,2,4,1,1,4.25,-100,22,0,4,asia.com,-100,-100,,8,http://karshi.asia.com,613217,0,1,2
5,37963,6052,4,2,5,0,1,4,-100,16,0,3,55bbs.com,-100,-100,,9,http://55bbs.com,45474,0,1,2
6,4264,68,4.5,2,6,0,1,4.333333333,-100,17,0,3,forbes.com,-100,-100,,10,http://forbes.com,211,0,1,2
10,36351,-100,6.5,2,10,1,1,5.666666667,-100,21,0,3,jimmywales.org,-100,-100,,14,http://jimmywales.org,-100,0,1,2
6,8075,323,4.5,2,6,0,1,4.333333333,-100,17,0,3,snapdo.com,-100,-100,,10,http://snapdo.com,23026,0,0,2
14,-100,9049,8.5,2,14,0,1,7,-100,25,0,3,empowernetwork.com,-100,-100,,18,http://empowernetwork.com,33690,0,1,2
9,17436,29,6,2,9,0,1,5.333333333,-100,20,0,3,icicibank.com,-100,-100,,13,http://icicibank.com,589,0,1,2
9,6623,146,6,2,9,0,1,5.333333333,-100,20,0,3,cbssports.com,-100,-100,,13,http://cbssports.com,565,0,1,2
5,14618,1289,4,2,5,0,1,4,-100,16,0,3,issuu.com,-100,-100,,9,http://issuu.com,761,0,1,2
6,4808,159,4.5,2,6,0,1,4.333333333,-100,17,0,3,renren.com,-100,-100,,10,http://renren.com,1692,0,0,2
9,2635,50,6,2,9,0,1,5.333333333,-100,20,0,3,wordpress.com,-100,-100,,13,http://wordpress.com,35,0,0,2
19,52270,-100,10.5,2,19,1,1,8.25,8.2,75,0,8,bomberospuertomontt.cl,15,5,/modules/0299970236/105328892193242/index2.php,22,http://bomberospuertomontt.cl/modules/0299970236/105328892193242/index2.php,20655179,0,1,2
10,50098,181,6.5,2,10,0,1,5.666666667,-100,21,0,3,rapidgator.net,-100,-100,,14,http://rapidgator.net,755,0,1,2
8,58461,4301,5.5,2,8,0,1,5,-100,19,0,3,baomihua.com,-100,-100,,12,http://baomihua.com,320,0,1,2
8,39572,71,5.5,2,8,0,1,5,-100,19,0,3,xhamster.com,-100,-100,,12,http://xhamster.com,85,0,1,2
6,15169,1,3.666666667,3,6,0,1,3.75,-100,20,0,4,google.com.tw,-100,-100,,13,http://google.com.tw,83,0,1,2
12,13335,10067,6.5,2,10,1,1,7.25,-100,34,0,4,forumotion.com,-100,-100,,14,http://mybrutehacks.forumotion.com,16957,0,1,2
5,7743,30,4,2,5,0,1,4,-100,16,0,3,chase.com,-100,-100,,9,http://chase.com,150,0,1,3
6,16509,5,4,2,6,0,1,4,-100,16,0,3,amazon.it,-100,-100,,9,http://amazon.it,242,0,1,2
4,16509,-100,2.5,2,3,1,1,3,-100,13,0,3,owl.li,-100,-100,,6,http://owl.li,7665006,0,1,2
6,15169,1,4,2,6,0,1,4,-100,16,0,3,google.pl,-100,-100,,9,http://google.pl,84,0,1,2
7,12876,-100,4.5,2,7,1,1,4.333333333,-100,17,0,3,fondane.eu,-100,-100,,10,http://fondane.eu,-100,0,0,2
6,15169,1,4,2,6,0,1,4,-100,16,0,3,google.be,-100,-100,,9,http://google.be,198,0,1,2
4,16509,-100,3,2,4,1,1,3.333333333,-100,14,0,3,cepf.eu,-100,-100,,7,http://cepf.eu,-100,0,1,2
4,25504,-100,3,2,4,1,1,3.333333333,-100,14,0,3,abc1.eu,-100,-100,,7,http://abc1.eu,-100,0,0,2
11,34762,-100,6.5,2,11,1,1,5.666666667,-100,21,0,3,dunesdugolf.eu,-100,-100,,14,http://dunesdugolf.eu,-100,0,1,2
5,38631,28,3.5,2,5,0,1,3.666666667,-100,15,0,3,naver.jp,-100,-100,,8,http://naver.jp,370,0,1,2
9,-100,-100,5.5,2,9,1,1,5,-100,19,0,3,article19.eu,-100,-100,,12,http://article19.eu,-100,0,1,3
5,-100,-100,3.5,2,5,1,1,3.666666667,-100,15,0,3,segue.se,-100,-100,,8,http://segue.se,-100,0,0,2
6,15169,1,4,2,6,0,1,4,-100,16,0,3,google.de,-100,-100,,9,http://google.de,27,0,1,2
13,13335,8811,7.5,2,13,0,1,6.333333333,-100,23,0,3,searchengines.ru,-100,-100,,16,http://searchengines.ru,76958,0,1,2
8,36351,174897,5,2,8,0,1,4.666666667,-100,18,0,3,oneindia.in,-100,-100,,11,http://oneindia.in,589632,0,1,2
6,16509,4,4,2,6,0,1,4,-100,16,0,3,amazon.de,-100,-100,,9,http://amazon.de,98,0,1,2
8,19237,315016,5.5,2,8,1,1,5,-100,19,0,3,shorturl.com,-100,-100,,12,http://shorturl.com,370955,0,1,2
8,36351,829,5.5,2,8,0,1,5,-100,19,0,3,bluehost.com,-100,-100,,12,http://bluehost.com,1917,0,1,2
9,14618,1202,6,2,9,0,1,5.333333333,-100,20,0,3,reference.com,-100,-100,,13,http://reference.com,2308,0,1,2
5,4808,1427,4,2,5,0,1,4,-100,16,0,3,pcpop.com,-100,-100,,9,http://pcpop.com,9541,0,1,2
9,13768,552,6,2,9,0,1,5.333333333,-100,20,0,3,wordpress.org,-100,-100,,13,http://wordpress.org,382,0,1,2
6,-100,10648,4.5,2,6,0,1,4.333333333,-100,17,0,3,ilivid.com,-100,-100,,10,http://ilivid.com,40641,0,1,2
9,32613,625458,3.5,2,4,1,1,5,-100,25,0,4,asia.com,-100,-100,,8,http://exclusive.asia.com,613217,0,1,2
12,53387,9,5.666666667,3,12,0,1,5.25,-100,26,0,4,mercadolibre.com.mx,-100,-100,,19,http://mercadolibre.com.mx,706,0,1,2
6,4808,16,4.5,2,6,0,1,4.333333333,-100,17,0,3,hao123.com,-100,-100,,10,http://hao123.com,48,0,1,2
9,-100,-100,4.5,4,9,1,1,4.4,-100,28,0,5,best-cv-templates.com,-100,-100,,21,http://best-cv-templates.com,-100,0,1,3
13,10794,43,8,2,13,0,1,6.666666667,-100,24,0,3,bankofamerica.com,-100,-100,,17,http://bankofamerica.com,259,0,0,2
7,-100,-100,5,2,7,1,1,4.333333333,4,33,0,6,msd2003.com,5,3,/rche/index.htm,11,http://msd2003.com/rche/index.htm,-100,0,1,2
9,33739,1935,5,2,7,1,1,5.75,9,28,0,4,myspace.com,9,1,/fantomenk,11,http://myspace.com/fantomenk,3672,0,1,3
9,16509,168,6,2,9,0,1,5.333333333,-100,20,0,3,goodreads.com,-100,-100,,13,http://goodreads.com,315,0,1,3
4,63410,-100,3.5,2,4,1,1,3.666666667,-100,15,0,3,rg10.net,-100,-100,,8,http://rg10.net,4112269,0,0,2
5,-100,-100,4,2,5,1,1,4,-100,16,0,3,pyzza.net,-100,-100,,9,http://pyzza.net,-100,0,1,2
4,5774,75,3.5,2,4,0,1,3.666666667,-100,15,0,3,usps.com,-100,-100,,8,http://usps.com,352,0,1,2
6,15169,1,4.5,2,6,0,1,4.333333333,-100,17,0,3,google.com,-100,-100,,10,http://google.com,2,0,0,2
5,13335,16,4,2,5,0,1,4,-100,16,0,3,ck101.com,-100,-100,,9,http://ck101.com,932,0,0,2
9,59441,44,6,2,9,0,1,5.333333333,-100,20,0,3,mihanblog.com,-100,-100,,13,http://mihanblog.com,2116,0,1,2
11,46469,2996,7,2,11,0,1,6,-100,22,0,3,getresponse.com,-100,-100,,15,http://getresponse.com,3540,0,1,2
5,7160,0,4,2,5,0,1,4,-100,16,0,3,taleo.net,-100,-100,,9,http://taleo.net,474,0,1,2
15,20940,115,9,2,15,0,1,7.333333333,-100,26,0,3,americanexpress.com,-100,-100,,19,http://americanexpress.com,427,0,1,2
10,-100,-100,5.75,4,7,1,1,5.888888889,6.5,63,0,9,paypal-manager-loesung.net,10,4,/konflikt/6624985147/index.php,26,http://paypal-manager-loesung.net/konflikt/6624985147/index.php,-100,0,1,2
25,26496,-100,14,2,25,1,1,10.66666667,-100,36,0,3,industrialstrengthstaging.com,-100,-100,,29,http://industrialstrengthstaging.com,-100,0,1,2
4,45062,75,3,2,3,0,1,3.333333333,-100,14,0,3,163.com,-100,-100,,7,http://163.com,576,0,0,2
4,11643,9,3.5,2,4,0,1,3.666666667,-100,15,0,3,ebay.com,-100,-100,,8,http://ebay.com,54,0,1,2
4,16509,32,3.5,2,4,0,1,3.666666667,-100,15,0,3,imdb.com,-100,-100,,8,http://imdb.com,60,0,1,2
7,16625,75,5,2,7,0,1,4.666666667,-100,18,0,3,bhaskar.com,-100,-100,,11,http://bhaskar.com,1177,0,0,2
8,-100,-100,6,2,8,1,1,5.333333333,-100,20,0,3,buckhead.asia,-100,-100,,13,http://buckhead.asia,-100,0,1,2
4,4847,33,2.5,2,3,0,1,3,-100,13,0,3,39.net,-100,-100,,6,http://39.net,246,0,1,2
6,37963,3,4.5,2,6,0,1,4.333333333,-100,17,0,3,taobao.com,-100,-100,,10,http://taobao.com,10,0,1,2
12,63113,335,7.5,2,12,1,1,6.333333333,-100,23,0,3,perfectgirls.net,-100,-100,,16,http://perfectgirls.net,799,0,1,2
12,15244,1302092,5.666666667,3,12,1,1,5.25,-100,26,0,4,russianworld.com.au,-100,-100,,19,http://russianworld.com.au,6520883,0,1,2
8,-100,-100,5.5,2,8,1,1,5,-100,19,0,3,sexoroid.com,-100,-100,,12,http://sexoroid.com,-100,0,1,2
10,10837,45,6.5,2,10,0,1,5.666666667,-100,21,0,3,wellsfargo.com,-100,-100,,14,http://wellsfargo.com,260,0,1,2
12,-100,-100,5.333333333,3,12,1,1,5,-100,25,0,4,russianworld.co.nz,-100,-100,,18,http://russianworld.co.nz,-100,0,1,2
7,10694,571,5,2,7,0,1,4.666666667,-100,18,0,3,monster.com,-100,-100,,11,http://monster.com,1768,0,1,2
13,24940,42,8,2,13,0,1,6.666666667,-100,24,0,3,wordreference.com,-100,-100,,17,http://wordreference.com,303,0,1,2
18,22557,-100,10.5,2,18,1,1,8.333333333,-100,29,0,3,magiclondonescorts.com,-100,-100,,22,http://magiclondonescorts.com,-100,0,1,2
7,-100,2280,5,2,7,0,1,4.666666667,-100,18,0,3,conduit.com,-100,-100,,11,http://conduit.com,3524,0,0,2
4,41471,1645,3.5,2,4,0,1,3.666666667,-100,15,0,3,twoo.com,-100,-100,,8,http://twoo.com,1550,0,1,3
15,12079,130,9,2,15,0,1,7.333333333,-100,26,0,3,verizonwireless.com,-100,-100,,19,http://verizonwireless.com,751,0,1,2
11,16509,208,7,2,11,0,1,6,-100,22,0,3,retailmenot.com,-100,-100,,15,http://retailmenot.com,819,0,1,2
11,14173,1220,7,2,11,0,1,6,-100,22,0,3,photobucket.com,-100,-100,,15,http://photobucket.com,2082,0,1,2
11,47622,197259,7,2,11,0,1,6,-100,22,0,3,majesticseo.com,-100,-100,,15,http://majesticseo.com,736885,0,1,2
12,60350,52,4.666666667,3,6,1,1,6.125,7.75,59,0,8,vente-privee.com,12,4,/vp4/Registration/Registration.aspx,16,http://vente-privee.com/vp4/Registration/Registration.aspx?,2169,0,1,2
10,43821,738,6.5,2,10,0,1,5.666666667,-100,21,0,3,wiktionary.org,-100,-100,,14,http://wiktionary.org,420,0,1,2
6,26101,24,4.5,2,6,0,1,4.5,-100,23,0,4,tumblr.com,-100,-100,,10,http://media.tumblr.com,64,0,0,2
8,58466,2704,4.333333333,3,8,0,1,4.25,-100,22,0,4,pconline.com.cn,-100,-100,,15,http://pconline.com.cn,21455,0,1,2
10,54113,2075,6.5,2,10,0,1,5.666666667,-100,21,0,3,foursquare.com,-100,-100,,14,http://foursquare.com,1900,0,1,2
5,46244,192,4,2,5,0,1,4,-100,16,0,3,webmd.com,-100,-100,,9,http://webmd.com,426,0,1,2
8,15169,46,5.5,2,8,1,1,5.4,-100,33,0,5,blogspot.com,-100,-100,,12,http://mens-fashions.blogspot.com,51,0,1,2
9,2635,50,6,2,9,0,1,4.5,-100,23,0,4,wordpress.com,-100,-100,,13,http://en.wordpress.com,35,0,1,2
4,51167,-100,3,2,3,1,1,3.333333333,-100,14,0,3,1br.net,-100,-100,,7,http://1br.net,7158140,0,1,3
5,28299,-100,4,2,5,1,1,4,-100,16,0,3,clic3.net,-100,-100,,9,http://clic3.net,-100,0,1,2
4,-100,-100,3,2,4,1,1,3.333333333,-100,14,0,3,nbsp.us,-100,-100,,7,http://nbsp.us,-100,0,1,2
8,197695,608338,5,2,8,1,1,4.666666667,-100,18,0,3,mmafight.ru,-100,-100,,11,http://mmafight.ru,7181500,0,1,2
7,-100,-100,4.5,2,7,1,1,4.333333333,-100,17,0,3,chinese.uz,-100,-100,,10,http://chinese.uz,-100,0,1,2
9,17184,199,6,2,9,0,1,5.333333333,-100,20,0,3,w3schools.com,-100,-100,,13,http://w3schools.com,196,0,1,3
8,13909,691,5.5,2,8,0,1,5,-100,19,0,3,liveleak.com,-100,-100,,12,http://liveleak.com,1054,0,1,2
18,-100,-100,10.5,2,18,1,1,8.333333333,-100,29,0,3,getloanslendersusa.org,-100,-100,,22,http://getloanslendersusa.org,-100,0,0,2
11,33695,-100,7.5,2,11,1,1,6.333333333,-100,23,0,3,parishilton.asia,-100,-100,,16,http://parishilton.asia,-100,0,0,2
4,14618,-100,3.5,2,4,1,1,3.666666667,-100,15,0,3,vvjz.com,-100,-100,,8,http://vvjz.com,-100,0,1,2
15,16509,1343,9,2,15,0,1,7.333333333,-100,26,0,3,goodgamestudios.com,-100,-100,,19,http://goodgamestudios.com,3509,0,1,2
6,43037,3,4,2,6,0,1,4,-100,16,0,3,seznam.cz,-100,-100,,9,http://seznam.cz,488,0,1,2
6,20940,505,4.5,2,6,0,1,4.333333333,-100,17,0,3,shaadi.com,-100,-100,,10,http://shaadi.com,5213,0,1,3
6,54113,870,4.5,2,6,0,1,4.333333333,-100,17,0,3,disqus.com,-100,-100,,10,http://disqus.com,610,0,1,2
6,32613,625458,3.5,2,4,1,1,4.25,-100,22,0,4,asia.com,-100,-100,,8,http://glitch.asia.com,613217,0,1,2
11,15169,11238,7,2,11,0,1,6,-100,22,0,3,doubleclick.com,-100,-100,,15,http://doubleclick.com,40884,0,1,2
12,13335,-100,6.5,2,10,1,1,7.25,-100,34,0,4,synthasite.com,-100,-100,,14,http://gospelhearts.synthasite.com,-100,0,1,2
5,37963,4,4,2,5,0,1,4,-100,16,0,3,tmall.com,-100,-100,,9,http://tmall.com,8,0,1,2
6,15169,1,3.333333333,3,6,0,1,3.5,-100,19,0,4,google.co.uk,-100,-100,,12,http://google.co.uk,29,0,1,2
6,15169,14,3.666666667,3,6,0,1,3.75,-100,20,0,4,google.com.hk,-100,-100,,13,http://google.com.hk,42,0,1,2
12,7233,10938,7.5,2,12,0,1,6.333333333,-100,23,0,3,yieldmanager.com,-100,-100,,16,http://yieldmanager.com,40578,0,1,2
4,16509,782,3.5,2,4,0,1,3.666666667,-100,15,0,3,digg.com,-100,-100,,8,http://digg.com,1919,0,1,2
4,20013,-100,3.5,2,4,1,1,3.666666667,-100,15,0,3,br30.com,-100,-100,,8,http://br30.com,6236170,0,0,2
4,15169,103,2.5,2,3,0,1,3,-100,13,0,3,go.com,-100,-100,,6,http://go.com,379,0,0,2
10,20278,64243,6.5,2,10,1,1,5.666666667,-100,21,0,3,1classical.com,-100,-100,,14,http://1classical.com,944958,0,1,2
5,14618,717522,4,2,5,0,1,4,-100,16,0,3,qtrax.com,-100,-100,,9,http://qtrax.com,6239975,0,1,2
7,15169,226,5,2,7,0,1,4.666666667,-100,18,0,3,blogger.com,-100,-100,,11,http://blogger.com,123,0,1,3
4,14618,-100,3.5,2,4,1,1,3.666666667,-100,15,0,3,abbr.com,-100,-100,,8,http://abbr.com,-100,0,1,2
9,9498,167,6,2,9,0,1,5.333333333,-100,20,0,3,mailchimp.com,-100,-100,,13,http://mailchimp.com,415,0,0,2
6,4837,104,4.5,2,6,0,1,4.333333333,-100,17,0,3,xunlei.com,-100,-100,,10,http://xunlei.com,1122,0,1,2
11,54113,283,7,2,11,0,1,6,-100,22,0,3,nydailynews.com,-100,-100,,15,http://nydailynews.com,921,0,1,2
7,34309,23,4.5,2,7,0,1,4.333333333,-100,17,0,3,spiegel.de,-100,-100,,10,http://spiegel.de,553,0,1,2
6,15169,1,3.666666667,3,6,0,1,3.75,-100,20,0,4,google.com.pe,-100,-100,,13,http://google.com.pe,281,0,1,2
4,36351,2506,3,2,3,0,1,3.333333333,-100,14,0,3,php.net,-100,-100,,7,http://php.net,988,0,1,2
8,16552,501,5.5,2,8,0,1,5,-100,19,0,3,backpage.com,-100,-100,,12,http://backpage.com,3188,0,1,2
8,51773,48,5.5,2,8,0,1,5,-100,19,0,3,softonic.com,-100,-100,,12,http://softonic.com,140,0,1,2
5,8075,453,4,2,5,0,1,4,-100,16,0,3,skype.com,-100,-100,,9,http://skype.com,331,0,1,2
10,3313,9,6,2,10,0,1,5.333333333,-100,20,0,3,repubblica.it,-100,-100,,13,http://repubblica.it,465,0,1,2
9,20093,471,6,2,9,0,1,5.333333333,-100,20,0,3,swagbucks.com,-100,-100,,13,http://swagbucks.com,2331,0,1,2
4,2914,26,2.333333333,3,3,0,1,2.75,-100,16,0,4,goo.ne.jp,-100,-100,,9,http://goo.ne.jp,414,0,1,2
5,24284,86,3.5,2,5,0,1,3.666666667,-100,15,0,3,ameba.jp,-100,-100,,8,http://ameba.jp,1453,0,1,2
8,16276,295,5,2,8,0,1,4.666666667,-100,18,0,3,webmoney.ru,-100,-100,,11,http://webmoney.ru,3156,0,1,3
4,12827,7,2,2,2,0,1,2.666666667,-100,12,0,3,wp.pl,-100,-100,,5,http://wp.pl,511,0,1,2
4,12990,6,3,2,4,0,1,3.333333333,-100,14,0,3,onet.pl,-100,-100,,7,http://onet.pl,446,0,1,2
5,-100,-100,3.5,2,5,1,1,3.666666667,-100,15,1,3,putin.ru,-100,-100,,8,http://putin.ru,-100,0,1,3
14,1668,69,8.5,2,14,0,1,7,-100,25,0,3,huffingtonpost.com,-100,-100,,18,http://huffingtonpost.com,217,0,1,2
7,15169,-100,5,2,7,1,1,5.25,-100,26,0,4,marlito.com,-100,-100,,11,http://siremfc.marlito.com,-100,0,1,2
4,26415,259,3.5,2,4,0,1,3.666666667,-100,15,0,3,ikea.com,-100,-100,,8,http://ikea.com,308,0,1,2
7,12083,-100,5,2,7,1,1,4.666666667,-100,18,1,3,litlurl.net,-100,-100,,11,http://litlurl.net,12275884,0,1,2
5,24211,4,4,2,5,0,1,4,-100,16,0,3,detik.com,-100,-100,,9,http://detik.com,136,0,1,2
7,13414,8,5,2,7,0,1,4.666666667,-100,18,0,3,twitter.com,-100,-100,,11,http://twitter.com,12,0,1,2
10,45102,9,6.5,2,10,0,1,5.666666667,-100,21,0,3,aliexpress.com,-100,-100,,14,http://aliexpress.com,65,0,1,2
8,21735,111,5.5,2,8,0,1,5,-100,19,0,3,usatoday.com,-100,-100,,12,http://usatoday.com,346,0,1,2
14,26496,-100,8.5,2,14,1,1,7,-100,25,0,3,getwebvisitors.com,-100,-100,,18,http://getwebvisitors.com,6112384,0,1,2
8,31549,4,5.5,2,8,0,1,5,-100,19,0,3,varzesh3.com,-100,-100,,12,http://varzesh3.com,392,0,0,2
12,16509,332,7.5,2,12,0,1,6.333333333,-100,23,0,3,infusionsoft.com,-100,-100,,16,http://infusionsoft.com,682,0,1,2
10,2635,299,6.5,2,10,0,1,5.666666667,-100,21,0,3,techcrunch.com,-100,-100,,14,http://techcrunch.com,551,0,1,2
8,15169,46,5.5,2,8,1,1,5.75,-100,28,0,4,blogspot.com,-100,-100,,12,http://mcdo3333.blogspot.com,51,0,0,2
4,51167,37056,2.333333333,3,3,1,1,2.75,-100,16,0,4,k6.com.br,-100,-100,,9,http://k6.com.br,1172760,0,0,2
7,16276,-100,4,3,7,1,2,4.25,4.5,44,0,8,laveaki.com.br,6,2,/PayPal.com/,14,http://paypal.com.laveaki.com.br/PayPal.com/,-100,0,1,2
12,53387,6,5.666666667,3,12,0,1,5.25,-100,26,0,4,mercadolivre.com.br,-100,-100,,19,http://mercadolivre.com.br,252,0,1,2
10,-100,-100,6.5,2,10,1,1,4.818181818,4.5,65,0,11,paristokyo.biz,8,8,/trouvay-cauvin.co.uk/includes/AOL/index.php,14,http://paristokyo.biz/trouvay-cauvin.co.uk/includes/AOL/index.php,-100,0,0,2
8,-100,-100,5,2,8,1,1,4.666666667,-100,18,0,3,finished.tv,-100,-100,,11,http://finished.tv,-100,0,0,2
5,13335,59000,4,2,5,0,1,4,-100,16,0,3,odesk.com,-100,-100,,9,http://odesk.com,313990,0,0,2
7,32613,625458,3.5,2,4,1,1,4.5,-100,23,0,4,asia.com,-100,-100,,8,http://hostile.asia.com,613217,0,1,2
6,15169,1,4,2,6,0,1,4,-100,16,0,3,google.ro,-100,-100,,9,http://google.ro,274,0,0,2
4,15169,443,2.5,2,3,0,1,3,-100,13,0,3,goo.gl,-100,-100,,6,http://goo.gl,479,0,1,2
4,23724,9,2.5,2,3,0,1,3,-100,13,0,3,360.cn,-100,-100,,6,http://360.cn,23,0,1,2
6,-100,-100,4.5,2,6,1,1,4.333333333,-100,17,0,3,urlmin.com,-100,-100,,10,http://urlmin.com,7104671,0,1,2
11,31034,30531,7,2,11,1,1,6,-100,22,0,3,elargentino.net,-100,-100,,15,http://elargentino.net,430493,0,1,2
7,54113,144,5,2,7,0,1,4.666666667,-100,18,0,3,gizmodo.com,-100,-100,,11,http://gizmodo.com,430,0,1,2
8,16509,56,5.5,2,8,0,1,5,-100,19,0,3,buzzfeed.com,-100,-100,,12,http://buzzfeed.com,170,0,1,2
5,7162,35875,3.5,2,5,1,1,3.666666667,-100,15,0,3,migre.me,-100,-100,,8,http://migre.me,705687,0,1,2
6,15169,1,3.333333333,3,6,0,1,3.5,-100,19,0,4,google.co.jp,-100,-100,,12,http://google.co.jp,21,0,1,2
6,16509,5,3.333333333,3,6,0,1,3.5,-100,19,0,4,amazon.co.jp,-100,-100,,12,http://amazon.co.jp,75,0,1,3
8,202095,13,5,2,8,0,1,4.666666667,-100,18,0,3,corriere.it,-100,-100,,11,http://corriere.it,731,0,1,2
11,7859,508,7,2,11,0,1,6,-100,22,0,3,timeanddate.com,-100,-100,,15,http://timeanddate.com,641,0,1,2
32,-100,-100,4,2,6,1,1,7.5,4,104,0,12,tahmid.ir,4,1,/user/,9,http://tahmid.ir/user/?cmd=_home&amp;dispatch=5885d80a13c0db1f8e&amp;ee=669498ee5d0b4b381fd2bb1cceb52112,-100,0,0,2
6,15169,1,3.666666667,3,6,0,1,3.75,-100,20,0,4,google.com.mx,-100,-100,,13,http://google.com.mx,55,0,1,2
8,4808,5208,5.5,2,8,0,1,5,-100,19,0,3,onlylady.com,-100,-100,,12,http://onlylady.com,37709,0,1,2
6,133775,76,4.5,2,6,0,1,4.333333333,-100,17,0,3,chinaz.com,-100,-100,,10,http://chinaz.com,703,0,1,2
6,16509,2347,4.5,2,6,0,1,4.333333333,-100,17,0,3,gawker.com,-100,-100,,10,http://gawker.com,6865,0,1,2
4,8560,12,3,2,3,0,1,3.333333333,-100,14,0,3,gmx.net,-100,-100,,7,http://gmx.net,325,0,1,2
5,32613,625458,3.5,2,4,1,1,4,-100,21,0,4,asia.com,-100,-100,,8,http://satte.asia.com,613217,0,1,2
7,4812,43,5,2,7,0,1,4.666666667,-100,18,0,3,eastday.com,-100,-100,,11,http://eastday.com,288,0,1,2
7,48684,627,5,2,7,0,1,4.666666667,-100,18,0,3,youjizz.com,-100,-100,,11,http://youjizz.com,982,0,0,2
7,15169,103,2.5,2,3,0,1,4,-100,21,0,4,go.com,-100,-100,,6,http://abcnews.go.com,379,0,1,2
10,2635,446821,6.5,2,10,1,1,5.666666667,-100,21,0,3,jimmywales.com,-100,-100,,14,http://jimmywales.com,2119869,0,1,2
4,13335,119773,3,2,3,1,1,3.333333333,-100,14,0,3,cjb.net,-100,-100,,7,http://cjb.net,158829,0,1,2
7,16625,58,5,2,7,0,1,4.666666667,-100,18,0,3,foxnews.com,-100,-100,,11,http://foxnews.com,234,0,1,3
4,9808,5,3.5,2,4,0,1,3.666666667,-100,15,0,3,sohu.com,-100,-100,,8,http://sohu.com,19,0,1,3
4,11251,526,3,2,3,0,1,3.333333333,-100,14,0,3,mlb.com,-100,-100,,7,http://mlb.com,804,0,1,2
7,32526,763,5,2,7,0,1,4.666666667,-100,18,0,3,answers.com,-100,-100,,11,http://answers.com,1596,0,1,2
5,4812,55,4,2,5,0,1,4,-100,16,0,3,iqiyi.com,-100,-100,,9,http://iqiyi.com,422,0,1,3
11,15133,119,7,2,11,0,1,6,-100,22,0,3,tripadvisor.com,-100,-100,,15,http://tripadvisor.com,279,0,1,2
9,32613,625458,3.5,2,4,1,1,5,-100,25,0,4,asia.com,-100,-100,,8,http://emissions.asia.com,613217,0,2,3
6,36351,67,4.5,2,6,0,1,4.333333333,-100,17,0,3,indeed.com,-100,-100,,10,http://indeed.com,169,0,1,2
7,7922,124,5,2,7,0,1,4.666666667,-100,18,0,3,comcast.net,-100,-100,,11,http://comcast.net,471,0,0,2
20,26496,-100,11.5,2,20,1,1,9,-100,31,0,3,antoniocarlosmachado.com,-100,-100,,24,http://antoniocarlosmachado.com,-100,0,1,2
5,31034,-100,3.666666667,3,5,1,1,3.75,-100,20,0,4,the-locos.com,-100,-100,,13,http://the-locos.com,-100,0,1,2
11,-100,-100,7,2,11,1,1,6,-100,22,0,3,pepekanavis.org,-100,-100,,15,http://pepekanavis.org,-100,0,1,3
9,54113,301,6,2,9,0,1,5.333333333,-100,20,0,3,speedtest.net,-100,-100,,13,http://speedtest.net,214,0,1,2
6,15169,1,3.666666667,3,6,0,1,3.75,-100,20,0,4,google.com.ua,-100,-100,,13,http://google.com.ua,104,0,1,2
12,17439,41,7.5,2,12,0,1,6.333333333,-100,23,0,3,moneycontrol.com,-100,-100,,16,http://moneycontrol.com,821,0,1,2
12,14618,3658,7.5,2,12,0,1,6.333333333,-100,23,0,3,warriorforum.com,-100,-100,,16,http://warriorforum.com,8352,0,1,2
10,16509,60,6.5,2,10,0,1,5.666666667,-100,21,0,3,soundcloud.com,-100,-100,,14,http://soundcloud.com,94,0,1,2
19,63949,-100,11,2,19,1,1,7.25,3,35,0,4,civilwarvetswastate.com,3,1,/gxy/,23,http://civilwarvetswastate.com/gxy/,17889289,0,1,2
15,26496,-100,9,2,15,1,1,7.333333333,-100,26,0,3,freakinghugeurl.com,-100,-100,,19,http://freakinghugeurl.com,-100,0,0,3
9,12876,-100,5.5,2,9,1,1,5,-100,19,0,3,mihaisora.eu,-100,-100,,12,http://mihaisora.eu,12934092,0,0,2
4,-100,-100,2.5,2,3,1,1,3,-100,13,0,3,pfx.me,-100,-100,,6,http://pfx.me,-100,0,1,2
6,8891,10,4,2,6,0,1,4,-100,16,0,3,orange.fr,-100,-100,,9,http://orange.fr,448,0,0,2
4,32787,-100,3,2,4,1,1,3.333333333,-100,14,0,3,xurl.jp,-100,-100,,7,http://xurl.jp,-100,0,1,2
12,13237,-100,5,4,7,1,1,5.875,7.666666667,57,0,8,tiere-helfen-kindern.de,12,3,/verification/id=265455776/,23,http://tiere-helfen-kindern.de/verification/id=265455776/,-100,0,1,2
7,-100,-100,5,2,7,1,1,4.666666667,-100,18,0,3,ladonia.net,-100,-100,,11,http://ladonia.net,-100,0,1,2
6,13335,58024,4.5,2,6,0,1,4.333333333,-100,17,1,3,elance.com,-100,-100,,10,http://elance.com,76771,0,1,2
4,14618,85,3,2,3,0,1,3.333333333,-100,14,1,3,nih.gov,-100,-100,,7,http://nih.gov,130,0,1,2
9,32613,625458,3.5,2,4,1,1,5,-100,25,0,4,asia.com,-100,-100,,8,http://blasphemy.asia.com,613217,0,1,2
14,-100,-100,8.5,2,14,1,1,5.444444444,4.666666667,59,1,9,fenixexpressgc.com,7,6,/cooljoe/CLICK/CLICK/index.php.htm,18,http://fenixexpressgc.com/cooljoe/CLICK/CLICK/index.php.htm,-100,0,1,2
4,4808,2,2.5,2,3,0,1,3,-100,13,0,3,qq.com,-100,-100,,6,http://qq.com,7,0,1,2
7,20940,34,5,2,7,0,1,4.666666667,-100,18,0,3,bestbuy.com,-100,-100,,11,http://bestbuy.com,235,0,1,2
8,-100,-100,5.5,2,8,1,1,5,-100,19,0,3,idiomfox.com,-100,-100,,12,http://idiomfox.com,-100,0,0,2
11,26496,-100,7,2,11,1,1,6,-100,22,0,3,netsaopaulo.com,-100,-100,,15,http://netsaopaulo.com,-100,0,1,3
5,-100,-100,3.5,2,5,1,1,3.666666667,-100,15,0,3,payel.tk,-100,-100,,8,http://payel.tk,-100,0,1,2
11,15169,46,5.5,2,8,1,1,6.5,-100,31,0,4,blogspot.com,-100,-100,,12,http://triplemecom.blogspot.com,51,0,1,2
17,-100,54,10,2,17,0,1,8,-100,28,0,3,googleusercontent.com,-100,-100,,21,http://googleusercontent.com,70,0,1,2
6,63541,35,3.666666667,3,6,0,1,3.75,-100,20,0,4,people.com.cn,-100,-100,,13,http://people.com.cn,226,0,1,2
4,15169,103,2.5,2,3,0,1,3.25,-100,18,0,4,go.com,-100,-100,,6,http://espn.go.com,379,0,1,2
12,36351,-100,4.333333333,3,8,1,1,5.8,-100,35,0,5,palcomp3.com.br,-100,-100,,15,http://nelioguerson.palcomp3.com.br,-100,0,1,2
9,16509,-100,4.333333333,3,8,1,1,5.1,5.666666667,62,1,10,eadideal.com.br,9,6,/conteudos/material/66/Netzro-Login.html,15,http://eadideal.com.br/conteudos/material/66/Netzro-Login.html,-100,0,1,2
6,15169,1,4,2,6,0,1,4,-100,16,0,3,google.ie,-100,-100,,9,http://google.ie,338,0,1,3
5,54113,363,4,2,5,0,1,4,-100,16,0,3,wired.com,-100,-100,,9,http://wired.com,784,0,0,2
7,40824,82,5,2,7,0,1,4.666666667,-100,18,0,3,4shared.com,-100,-100,,11,http://4shared.com,777,0,1,2
8,37963,-100,5.5,2,8,1,1,5,-100,19,0,3,namecout.com,-100,-100,,12,http://namecout.com,-100,0,1,2
18,61969,-100,10,2,18,1,1,8,-100,28,1,3,labottegadimartone.it,-100,-100,,21,http://labottegadimartone.it,-100,0,1,2
4,14618,483,3,2,3,0,1,3.333333333,-100,14,0,3,pch.com,-100,-100,,7,http://pch.com,3356,0,0,2
14,17950,-100,4.666666667,3,8,1,1,6.444444444,8,68,0,9,ans-electric.com,14,5,/modules/4630490953/24185239539553/index2.php,16,http://ans-electric.com/modules/4630490953/24185239539553/index2.php,18435563,0,1,2
4,9498,1099,3.5,2,4,0,1,3.666666667,-100,15,0,3,java.com,-100,-100,,8,http://java.com,685,0,1,2
6,34587,231,4.5,2,6,0,1,4.333333333,-100,17,0,3,bet365.com,-100,-100,,10,http://bet365.com,306,0,1,2
13,7684,-100,8,2,13,1,1,6.666666667,-100,24,0,3,yourshortlink.net,-100,-100,,17,http://yourshortlink.net,-100,0,1,2
6,16509,28,4.5,2,6,0,1,4.333333333,-100,17,0,3,naukri.com,-100,-100,,10,http://naukri.com,714,0,1,2
6,792,372,4.5,2,6,0,1,4.333333333,-100,17,1,3,oracle.com,-100,-100,,10,http://oracle.com,408,0,0,2
5,19324,-100,4,2,5,1,1,4,-100,16,0,3,zoodl.com,-100,-100,,9,http://zoodl.com,15331194,0,1,2
4,12217,83,3,2,3,0,1,3.333333333,-100,14,0,3,ups.com,-100,-100,,7,http://ups.com,316,0,1,2
7,48684,21,5,2,7,0,1,4.666666667,-100,18,0,3,pornhub.com,-100,-100,,11,http://pornhub.com,34,0,1,2
7,12008,193,5,2,7,0,1,4.666666667,-100,18,0,3,expedia.com,-100,-100,,11,http://expedia.com,797,0,1,2
7,-100,16755,5,2,7,0,1,4.666666667,-100,18,0,3,uimserv.net,-100,-100,,11,http://uimserv.net,222267,0,1,2
9,13335,8384,6,2,9,0,1,5.333333333,-100,20,1,3,putlocker.com,-100,-100,,13,http://putlocker.com,28575,0,0,2
7,7753,-100,5,2,7,1,1,4.666666667,-100,18,1,3,hugeurl.com,-100,-100,,11,http://hugeurl.com,-100,0,1,2
12,-100,-100,7,2,12,1,1,6,-100,22,0,3,ladamejeanne.fr,-100,-100,,15,http://ladamejeanne.fr,-100,0,0,2
4,11643,6,3,2,4,0,1,3.333333333,-100,14,0,3,ebay.de,-100,-100,,7,http://ebay.de,160,0,1,2
9,49763,7,5.5,2,9,0,1,5,-100,19,0,3,leboncoin.fr,-100,-100,,12,http://leboncoin.fr,395,0,1,2
9,40676,-100,6,2,9,1,1,5.333333333,-100,20,0,3,tebesirim.com,-100,-100,,13,http://tebesirim.com,-100,0,1,2
6,15169,1,3.333333333,3,6,0,1,3.5,-100,19,0,4,google.co.in,-100,-100,,12,http://google.co.in,9,0,1,2
10,24940,38,6.5,2,10,0,1,5.666666667,-100,21,1,3,altervista.org,-100,-100,,14,http://altervista.org,1399,0,1,3
6,15169,1,4,2,6,0,1,4,-100,16,0,3,google.fr,-100,-100,,9,http://google.fr,31,0,1,2
4,20848,31,2.5,2,3,0,1,3,-100,13,0,3,rbc.ru,-100,-100,,6,http://rbc.ru,628,0,0,2
6,15169,1,4,2,6,0,1,4,-100,16,0,3,google.se,-100,-100,,9,http://google.se,192,0,1,2
6,15169,-100,3.333333333,3,6,0,1,3.5,-100,19,0,4,google.co.hu,-100,-100,,12,http://google.co.hu,8885507,0,1,3
12,16815,1302,7.5,2,12,0,1,6.333333333,-100,23,0,3,citrixonline.com,-100,-100,,16,http://citrixonline.com,3495,0,1,3
7,-100,-100,4.5,2,7,1,1,4.333333333,-100,17,0,3,besides.tv,-100,-100,,10,http://besides.tv,-100,0,1,2
4,14618,201,2.5,2,3,0,1,3,-100,13,0,3,xe.com,-100,-100,,6,http://xe.com,627,0,1,2
12,26496,-100,7.5,2,12,1,1,6.333333333,-100,23,0,3,rapidfatloss.com,-100,-100,,16,http://rapidfatloss.com,-100,0,1,2
10,32613,625458,3.5,2,4,1,1,5.25,-100,26,1,4,asia.com,-100,-100,,8,http://borderline.asia.com,613217,0,1,2
7,36351,692,5,2,7,0,1,4.666666667,-100,18,1,3,histats.com,-100,-100,,11,http://histats.com,6749,0,0,2
7,61969,-100,5,2,7,1,1,4.666666667,-100,18,1,3,blogven.net,-100,-100,,11,http://blogven.net,8801611,0,1,2
6,15169,1,4,2,6,0,1,4,-100,16,1,3,google.ch,-100,-100,,9,http://google.ch,263,0,1,2
7,16509,10,5,2,7,0,1,4.666666667,-100,18,1,3,netflix.com,-100,-100,,11,http://netflix.com,24,0,1,2
4,13335,1842,3.5,2,4,1,1,3.666666667,-100,15,1,3,e621.net,-100,-100,,8,http://e621.net,11262,0,1,2
5,32748,1804,3.5,2,5,0,1,3.666666667,-100,15,1,3,amung.us,-100,-100,,8,http://amung.us,8835,0,1,2
6,15169,1,4,2,6,0,1,4,-100,16,1,3,google.gr,-100,-100,,9,http://google.gr,183,0,1,2
10,33330,-100,6.5,2,10,1,1,5.071428571,4.909090909,86,1,14,arbiitours.com,7,11,/wp-content/plugins/contact-form-777/images/online/login.jsp.html,14,http://arbiitours.com/wp-content/plugins/contact-form-777/images/online/login.jsp.html,-100,0,1,2
6,15169,1,4,2,6,0,1,4,-100,16,1,3,google.es,-100,-100,,9,http://google.es,50,0,1,2
9,26496,-100,6,2,9,1,1,5.333333333,-100,20,1,3,cnlhotels.com,-100,-100,,13,http://cnlhotels.com,-100,0,1,2
9,14907,6,6,2,9,0,1,5.333333333,-100,20,1,3,wikipedia.org,-100,-100,,13,http://wikipedia.org,5,0,0,2
6,9370,44,3.333333333,3,6,0,1,3.5,-100,19,1,4,hatena.ne.jp,-100,-100,,12,http://hatena.ne.jp,600,0,1,2
10,13335,-100,3,2,4,1,1,5,-100,25,1,4,gweb.io,-100,-100,,7,http://memopadhd7.gweb.io,3949267,0,0,2
4,32787,-100,2,2,2,1,1,2.8,-100,20,1,5,xt.pl,-100,-100,,5,http://in-grid.xt.pl,5089705,0,1,3
5,32787,-100,3.5,2,5,1,1,3.666666667,-100,15,1,3,sitio.de,-100,-100,,8,http://sitio.de,-100,0,1,2
4,8560,10,2.5,2,3,0,1,3,-100,13,1,3,web.de,-100,-100,,6,http://web.de,354,0,1,2
4,13238,327,2,2,2,0,1,2.666666667,-100,12,1,3,ya.ru,-100,-100,,5,http://ya.ru,4293,0,1,2
4,4808,6121,3,3,4,0,1,3.25,-100,18,1,4,enet.com.cn,-100,-100,,11,http://enet.com.cn,45599,0,1,2
6,15169,2,4,2,6,0,1,4,-100,16,1,3,google.ru,-100,-100,,9,http://google.ru,30,0,1,2
6,17813,93,4.5,2,6,0,1,4.333333333,-100,17,1,3,newegg.com,-100,-100,,10,http://newegg.com,524,0,1,2
7,6619,368,5,2,7,0,1,4.666666667,-100,18,1,3,samsung.com,-100,-100,,11,http://samsung.com,345,0,0,2
12,-100,-100,8,2,12,1,1,6.666666667,-100,24,1,3,turkmenistan.asia,-100,-100,,17,http://turkmenistan.asia,-100,0,1,2
7,13335,266,5,2,7,0,1,4.666666667,-100,18,1,3,okcupid.com,-100,-100,,11,http://okcupid.com,1091,0,1,2
15,6354,3627,4.5,2,6,1,1,7,-100,33,1,4,tripod.com,-100,-100,,10,http://shadyrunstudios.tripod.com,4045,0,1,2
5,38197,-100,4,2,5,1,1,4,-100,16,1,3,ggeat.com,-100,-100,,9,http://ggeat.com,-100,0,1,2
11,17318,2931,7,2,11,0,1,6,-100,22,1,3,domaintools.com,-100,-100,,15,http://domaintools.com,3936,0,1,2
12,9371,-100,7.5,2,12,1,1,6.333333333,-100,23,1,3,ciquestudios.com,-100,-100,,16,http://ciquestudios.com,-100,0,1,2
8,40034,-100,5.5,2,8,1,1,5,-100,19,1,3,tripleme.com,-100,-100,,12,http://tripleme.com,-100,0,1,2
17,-100,-100,10,2,17,1,1,8,-100,28,1,3,shopforpainrelief.com,-100,-100,,21,http://shopforpainrelief.com,-100,0,0,2
9,15169,80,6,2,9,0,1,5.333333333,-100,20,1,3,homedepot.com,-100,-100,,13,http://homedepot.com,461,0,1,2
9,16509,961,6,2,9,0,1,5.333333333,-100,20,1,3,hostgator.com,-100,-100,,13,http://hostgator.com,1810,0,0,2
15,13335,1222,9,2,15,0,1,7.333333333,-100,26,1,3,templatemonster.com,-100,-100,,19,http://templatemonster.com,3160,0,1,2
6,15169,1,4.5,2,6,0,1,4.333333333,-100,17,1,3,google.com,-100,-100,,10,http://google.com,2,0,1,2
11,61969,-100,7,2,11,1,1,6,-100,22,1,3,cheatyworld.com,-100,-100,,15,http://cheatyworld.com,-100,0,0,2
11,16815,461,7,2,11,0,1,6,-100,22,1,3,gotomeeting.com,-100,-100,,15,http://gotomeeting.com,1186,0,1,2
10,13331,436,6.5,2,10,0,1,5.666666667,-100,21,1,3,myfreecams.com,-100,-100,,14,http://myfreecams.com,813,0,0,2
13,13335,-100,8,2,13,1,1,6.666666667,-100,24,1,3,satelliteview.org,-100,-100,,17,http://satelliteview.org,-100,0,1,2
12,3352,-100,7.5,2,12,1,1,6.333333333,-100,23,1,3,hotelslloret.com,-100,-100,,16,http://hotelslloret.com,-100,0,1,2
5,-100,-100,4,2,5,1,1,4,-100,16,1,3,ciaux.com,-100,-100,,9,http://ciaux.com,10457711,0,1,2
9,36351,-100,6,2,9,1,1,5.333333333,-100,20,1,3,gbcattani.com,-100,-100,,13,http://gbcattani.com,-100,0,0,2
7,36856,88,5,2,7,0,1,4.666666667,-100,18,1,3,mozilla.org,-100,-100,,11,http://mozilla.org,73,0,0,2
11,13335,4656,7,2,11,0,1,6,-100,22,1,3,hardsextube.com,-100,-100,,15,http://hardsextube.com,13374,0,1,2
4,54680,341,2.5,2,3,0,1,3,-100,13,1,3,hp.com,-100,-100,,6,http://hp.com,363,0,1,2
7,18837,792,5,2,7,0,1,4.666666667,-100,18,1,3,addthis.com,-100,-100,,11,http://addthis.com,534,0,1,2
6,37963,658,4.5,2,6,0,1,4.333333333,-100,17,1,3,pchome.net,-100,-100,,10,http://pchome.net,6703,0,1,2
9,133618,16100,6.333333333,3,9,0,1,5.75,-100,28,1,4,loading-delivery1.com,-100,-100,,21,http://loading-delivery1.com,136312,0,1,2
11,-100,-100,5.75,4,7,1,1,6.571428571,9.5,55,1,7,paypal-manager-account.net,11,2,/konflikt/66211165125/,26,http://paypal-manager-account.net/konflikt/66211165125/,-100,0,1,2
11,15244,-100,5.333333333,3,11,1,1,5,-100,25,1,4,weatherpage.com.au,-100,-100,,18,http://weatherpage.com.au,12624537,0,0,2
4,14618,487,2.5,2,3,0,1,3,-100,13,1,3,who.is,-100,-100,,6,http://who.is,5150,0,0,2
4,14618,64,2.333333333,3,3,0,1,2.75,-100,16,1,4,ig.com.br,-100,-100,,9,http://ig.com.br,2415,0,1,2
7,11420,172,5,2,7,0,1,4.666666667,-100,18,1,3,latimes.com,-100,-100,,11,http://latimes.com,556,0,0,2
